1	27089662	27089662	0.00836	snv	T
1	27094450	27094450	0.00792	snv	A
1	27106394	27106394	0.0097	snv	T
1	27106975	27106975	0.0150067	snv	T
3	47129609	47129609	0.00579334	snv	A
3	47162886	47162886	0.00862	snv	T
3	47163422	47163422	0.0128467	snv	G
7	55214348	55214348	0.101093	snv	T
7	55214405	55214405	0.00868	snv	A
7	55229225	55229225	0.00542666	del	.
7	55229255	55229255	0.04858	snv	A
7	55238087	55238087	0.01132	snv	T
7	55240692	55240692	0.00852	snv	C
7	55268916	55268916	0.0110733	snv	T
7	55269033	55269033	0.01462	snv	T
7	116339282	116339282	0.00720666	snv	A
7	116339672	116339672	0.0127533	snv	T
7	116339792	116339792	0.0120533	snv	A
7	116339956	116339956	0.01204	snv	A
7	116340269	116340269	0.0121	snv	T
7	116397572	116397572	0.0439466	snv	G
7	116403106	116403106	0.00573334	snv	G
7	140449150	140449150	0.0316	snv	C
7	140453136	140453136	0.01658	snv	T
9	21970916	21970916	0.03172	snv	T
9	21971120	21971120	0.0333	snv	A
9	21971121	21971121	0.0333	snv	A
9	139390649	139390650	0.0158867	del	.
9	139391200	139391200	0.0254666	snv	T
9	139391321	139391321	0.00834	snv	A
9	139391338	139391338	0.00877334	snv	T
9	139391543	139391543	0.0263334	snv	T
9	139391816	139391816	0.00649334	snv	C
9	139391828	139391828	0.0222334	snv	A
9	139393579	139393579	0.00872	snv	T
9	139396277	139396277	0.00882666	snv	T
9	139396480	139396480	0.02126	snv	A
9	139399344	139399344	0.0171067	snv	G
9	139400320	139400320	0.01033	snv	A
9	139405721	139405721	0.00662666	snv	T
9	139408964	139408964	0.0242866	snv	A
9	139410437	139410437	0.00976	snv	T
9	139412205	139412205	0.0223	snv	A
9	139412359	139412359	0.00630666	snv	A
9	139412734	139412734	0.0085	snv	A
9	139413100	139413100	0.00946	snv	T
9	139413908	139413908	0.00702666	snv	T
9	139413932	139413932	0.00772666	snv	T
9	139417329	139417329	0.00942666	snv	T
9	139417333	139417333	0.00509	snv	A
9	139417381	139417381	0.02422	snv	A
9	139418189	139418189	0.02284	snv	T
10	89692851	89692851	0.01261	snv	A
10	89692903	89692904	0.00603334	ins	CGCC
10	89717770	89717770	0.0373066	del	.
12	25398284	25398284	0.00364	snv	G
12	49418488	49418488	0.00825334	snv	C
12	49420464	49420464	0.00781334	snv	A
12	49425037	49425037	0.00895334	snv	T
12	49426326	49426326	0.00800666	snv	A
12	49427495	49427495	0.0139333	snv	C
12	49427919	49427919	0.00806666	snv	C
12	49434013	49434013	0.0083	snv	A
12	49435269	49435269	0.00960666	snv	T
12	49435942	49435942	0.00881334	snv	A
12	49437206	49437206	0.0150933	snv	T
12	49443956	49443956	0.00652666	snv	T
12	49444432	49444432	0.00779334	snv	A
12	49444740	49444740	0.0079	snv	A
12	49444919	49444919	0.00943334	snv	T
12	49445028	49445028	0.0139467	snv	A
12	49447772	49447772	0.00756666	snv	T
13	48916747	48916747	0.0175067	snv	T
15	41989025	41989025	0.00941334	snv	T
15	42003316	42003316	0.0145667	snv	A
15	42028820	42028820	0.01836	snv	G
15	42035042	42035042	0.00872	snv	C
15	42058956	42058956	0.00940666	snv	A
17	7576569	7576569	0.0102733	snv	A
17	7577022	7577022	0.0104533	snv	A
17	7577085	7577085	0.00599	snv	T
17	7577118	7577118	0.01836	snv	A
17	7577529	7577529	0.02406	snv	T
17	7578211	7578211	0.0193933	snv	T
19	1207057	1207057	0.00934	snv	G
19	1219323	1219323	0.0106667	snv	A
19	1220612	1220612	0.00848666	snv	T
19	1220622	1220622	0.00844666	snv	T
19	10599969	10599969	0.00827334	snv	T
19	10600418	10600418	0.01828	snv	A
19	10602447	10602447	0.01528	snv	T
19	10610236	10610236	0.0245134	snv	G
19	10610591	10610591	0.00752	snv	A
19	10610605	10610605	0.00734	snv	A
19	10610611	10610611	0.00682666	snv	A
19	10610620	10610620	0.00541	snv	T
19	11101993	11101993	0.0646	snv	A
19	11105593	11105593	0.0646134	snv	G
19	11118682	11118682	0.00541	snv	T
19	11169514	11169514	0.0156267	snv	T
19	11170474	11170474	0.00922	snv	T
21	44514607	44514607	0.01693	snv	T
