1	9778893	9778893	0.00984666	A
1	9780209	9780209	0.00838	A
1	9782146	9782146	0.00904666	G
1	9782190	9782190	0.0100467	A
1	9782386	9782386	0.00972666	T
1	9784423	9784423	0.0110067	T
1	11181327	11181327	0.056	T
1	11184593	11184593	0.00787334	G
1	11190646	11190646	0.0633934	A
1	11298583	11298583	0.00428	A
1	11308074	11308074	0.00346666	A
1	27089662	27089662	0.00836	T
1	27094450	27094450	0.00792	A
1	27106394	27106394	0.0097	T
1	27106975	27106975	0.0150067	T
1	43804340	43804340	0.00822	A
1	43805240	43805240	0.0185133	G
1	45797505	45797505	0.03	G
1	45797519	45797519	0.00732	C
1	45800156	45800156	0.00774	T
1	46714242	46714242	0.0226666	G
1	46724370	46724370	0.00658666	T
1	46726410	46726410	0.00566	A
1	46743900	46743900	0.0194733	T
1	115256529	115256529	0.00567334	A
1	115258748	115258748	0.00456	A
1	120458270	120458270	0.00853334	C
1	120458309	120458309	0.00732	T
1	120458924	120458924	0.0129533	A
1	120483244	120483244	0.0132733	T
1	120510103	120510103	0.00661334	A
1	162737116	162737116	0.00812666	G
1	204518288	204518288	0.00625334	A
1	204518499	204518499	0.0146933	G
2	17946243	17946243	0.02406	G
2	17947886	17947886	0.01876	A
2	17962928	17962928	0.0101067	G
2	25457259	25457259	0.00634666	A
2	25469073	25469073	0.00785334	A
2	25469502	25469502	0.01914	T
2	25523096	25523096	0.0137533	G
2	29416366	29416366	0.0782266	C
2	29416481	29416481	0.03778	C
2	29416615	29416615	0.0293066	A
2	29445458	29445458	0.0358066	T
2	29497967	29497967	0.01034	A
2	48025764	48025764	0.0237734	T
2	48030632	48030632	0.00730666	T
2	209113192	209113192	0.00470666	A
2	215593573	215593573	0.0118733	T
2	215632255	215632255	0.0691466	T
2	215645545	215645545	0.01562	G
3	37053568	37053568	0.0488266	G
3	37090070	37090070	0.00814666	T
3	41266971	41266971	0.0151733	T
3	52436863	52436863	0.00888666	A
3	52440867	52440867	0.0092	A
3	142176564	142176564	0.00978666	T
3	142178118	142178118	0.0158533	A
3	142178144	142178144	0.0208534	T
3	142188337	142188337	0.0174267	C
3	142222284	142222284	0.06848	G
3	142231134	142231134	0.01424	T
3	142231190	142231190	0.00424	A
3	142277536	142277536	0.0675466	G
3	142277575	142277575	0.1078	T
3	142281612	142281612	0.1065	G
3	187443314	187443314	0.02038	A
3	187447002	187447002	0.00711334	G
3	187447032	187447032	0.11468	A
3	187447231	187447231	0.00797334	A
3	195778972	195778972	0.0166733	T
4	1801511	1801511	0.0156333	T
4	1803385	1803385	0.01476	C
4	1803407	1803407	0.0278666	C
4	1803704	1803704	0.0347534	C
4	1807803	1807803	0.0263934	A
4	1808324	1808324	0.0094	A
4	1808377	1808377	0.00789334	A
4	1808381	1808381	0.00853334	C
4	1808391	1808391	0.01046	A
4	55127448	55127448	0.00822666	A
4	55130078	55130078	0.0275934	C
4	55133726	55133726	0.03022	G
4	55139771	55139771	0.0309266	C
4	55143577	55143577	0.02716	A
4	55152040	55152040	0.02792	T
4	55156498	55156498	0.0116667	G
4	55593464	55593464	0.0432066	C
4	55602765	55602765	0.0428934	C
4	55946171	55946171	0.0233	A
4	55972974	55972974	0.10388	A
4	55979558	55979558	0.0490066	T
4	55984925	55984925	0.01544	G
4	81188253	81188253	0.00729334	G
4	81207650	81207650	0.0118	G
4	106155185	106155185	0.0110133	G
4	106155514	106155514	0.0102067	T
4	106155515	106155515	0.0101867	T
4	106156071	106156071	0.00772666	G
4	106157698	106157698	0.00495334	C
4	143033778	143033778	0.01588	C
4	143043397	143043397	0.0357534	A
4	143067054	143067054	0.0152067	A
4	143235865	143235865	0.0304066	G
4	143324094	143324094	0.0718	A
5	67575548	67575548	0.00742	C
5	67589188	67589188	0.0194	T
5	79966029	79966029	0.0266266	A
5	112174928	112174928	0.00790666	C
5	112175617	112175617	0.01276	A
5	149440513	149440513	0.00927334	T
5	149449827	149449827	0.00854	T
5	149457678	149457678	0.12136	A
5	149460544	149460544	0.00821334	A
5	149460553	149460553	0.126387	G
5	149495395	149495395	0.0805134	C
5	149497228	149497228	0.02394	A
5	149499672	149499672	0.0591534	C
5	149504348	149504348	0.0091	T
5	149511636	149511636	0.0149667	G
5	149515397	149515397	0.0102267	A
5	176516631	176516631	0.01288	A
5	176517991	176517991	0.01092	C
5	176519730	176519730	0.0203666	T
5	176520200	176520200	0.00748666	T
5	176520202	176520202	0.00599334	T
5	176520243	176520243	0.100273	A
6	117622184	117622184	0.02706	C
6	117622188	117622188	0.02656	G
6	117622233	117622233	0.02746	T
6	117704536	117704536	0.0170333	T
6	117724379	117724379	0.0174733	T
6	152265443	152265443	0.00811334	G
6	152420095	152420095	0.04106	A
7	2954962	2954962	0.00890666	A
7	2957005	2957005	0.0342534	C
7	2969680	2969680	0.01424	A
7	2976767	2976767	0.01582	A
7	2985586	2985586	0.0156067	G
7	55214348	55214348	0.101093	T
7	55214405	55214405	0.00868	A
7	55229255	55229255	0.04858	A
7	55238087	55238087	0.01132	T
7	55240692	55240692	0.00852	C
7	55268916	55268916	0.0110733	T
7	55269033	55269033	0.01462	T
7	106508068	106508068	0.0061	C
7	106508733	106508733	0.00670666	A
7	106508995	106508995	0.003	T
7	106513011	106513011	0.0210066	T
7	106522592	106522592	0.0131133	G
7	116339282	116339282	0.00720666	A
7	116339672	116339672	0.0127533	T
7	116339792	116339792	0.0120533	A
7	116340269	116340269	0.0121	T
7	116397572	116397572	0.0439466	G
7	116403106	116403106	0.00573334	G
7	128845223	128845223	0.00749	T
7	128851980	128851980	0.01032	A
7	140449150	140449150	0.0316	C
7	140453136	140453136	0.01658	T
7	148515192	148515192	0.00323	G
7	152346007	152346007	0.0133867	T
8	31498157	31498157	0.00630666	A
8	32505615	32505615	0.0122067	C
8	32505633	32505633	0.00814666	C
8	32613983	32613983	0.0212066	C
8	32620835	32620835	0.01622	T
8	32621665	32621665	0.00732	C
8	32621805	32621805	0.00448666	A
8	90958422	90958422	0.0332534	C
8	90967711	90967711	0.0675	G
8	90976658	90976658	0.00671334	T
8	90990479	90990479	0.03126	G
8	90993061	90993061	0.00938666	G
8	90994994	90994994	0.0200734	A
8	90995019	90995019	0.0348066	T
9	21970916	21970916	0.03172	T
9	98238358	98238358	0.0693066	A
9	98238379	98238379	0.01358	G
9	98240385	98240385	0.00952666	A
9	98244242	98244242	0.0185667	C
9	135771633	135771633	0.008	T
9	135771690	135771690	0.00746	T
9	135777055	135777055	0.00922	A
9	135778021	135778021	0.00681334	T
9	135781344	135781344	0.00814	A
9	139391200	139391200	0.0254666	T
9	139391321	139391321	0.00834	A
9	139391338	139391338	0.00877334	T
9	139391543	139391543	0.0263334	T
9	139391828	139391828	0.0222334	A
9	139393579	139393579	0.00872	T
9	139396277	139396277	0.00882666	T
9	139396480	139396480	0.02126	A
9	139399344	139399344	0.0171067	G
9	139408964	139408964	0.0242866	A
9	139410437	139410437	0.00976	T
9	139412205	139412205	0.0223	A
9	139412359	139412359	0.00630666	A
9	139412734	139412734	0.0085	A
9	139413100	139413100	0.00946	T
9	139413908	139413908	0.00702666	T
10	43601845	43601845	0.00854666	T
10	43608351	43608351	0.00815334	A
10	43613908	43613908	0.00934	T
10	43615094	43615094	0.00532	T
10	89692851	89692851	0.01261	A
10	103531284	103531284	0.0124133	T
10	123244998	123244998	0.00806	T
10	123247550	123247550	0.00562	A
10	123298199	123298199	0.0128333	T
11	533535	533535	0.00922	T
11	69462856	69462856	0.00955334	T
11	69462910	69462910	0.0987334	A
11	69625331	69625331	0.00803334	A
11	69625408	69625408	0.00686	G
11	108106443	108106443	0.0137867	A
11	108192069	108192069	0.00682666	T
11	108224537	108224537	0.00867334	A
11	108224578	108224578	0.00815334	G
11	118342594	118342594	0.00882	T
11	118343503	118343503	0.00908	A
11	118355592	118355592	0.00674	A
11	118360946	118360946	0.00732	A
11	118368665	118368665	0.031	G
11	118373861	118373861	0.0278134	T
11	118373999	118373999	0.0149733	T
11	118376139	118376139	0.00647334	T
11	118376387	118376387	0.00850666	T
12	4409146	4409146	0.00674	G
12	4479549	4479549	0.0112	A
12	4554630	4554630	0.06098	G
12	56489570	56489570	0.00894	T
12	56494998	56494998	0.0320266	T
12	58145348	58145348	0.00852666	A
12	69233215	69233215	0.00949334	G
12	112888162	112888162	0.00834	C
12	121416622	121416622	0.0517	G
12	121416650	121416650	0.0320866	C
12	121416864	121416864	0.01052	T
12	121434169	121434169	0.00825334	C
12	121435342	121435342	0.0241334	T
12	121435427	121435427	0.02092	A
12	121437114	121437114	0.0582666	A
13	22275562	22275562	0.00999334	G
13	28608087	28608087	0.00627334	T
13	28608459	28608459	0.01218	C
13	28893642	28893642	0.0532266	G
13	28964198	28964198	0.02784	T
13	32906729	32906729	0.06214	C
13	32912299	32912299	0.0588666	C
13	32912750	32912750	0.00981334	T
13	32913469	32913469	0.0169933	T
13	48916747	48916747	0.0175067	T
13	102375232	102375232	0.0099	T
13	113976709	113976709	0.00816	C
15	66727483	66727483	0.00464666	A
15	66729162	66729162	0.00952	T
15	89803950	89803950	0.0169933	T
15	89825056	89825056	0.0129067	G
15	89838318	89838318	0.03542	T
15	90628591	90628591	0.0131067	A
16	2110795	2110795	0.00419334	A
16	2114407	2114407	0.0079	T
16	2121817	2121817	0.00670666	A
16	2125834	2125834	0.01814	C
16	2129192	2129192	0.00477334	C
16	2133727	2133727	0.00993334	A
16	2133798	2133798	0.00874	A
16	2136298	2136298	0.00912	T
16	2138100	2138100	0.01774	G
16	2138584	2138584	0.00765334	C
16	3632567	3632567	0.00914	A
16	3639325	3639325	0.0167533	G
16	3639726	3639726	0.00846666	T
16	3639771	3639771	0.0169267	T
16	3639782	3639782	0.0187333	A
16	3639827	3639827	0.0217466	A
16	3640782	3640782	0.00942666	A
16	3640815	3640815	0.0053	G
16	3658735	3658735	0.00856666	C
16	3658876	3658876	0.00796666	A
16	3779594	3779594	0.00848666	T
16	3781320	3781320	0.00847334	A
16	3843432	3843432	0.00718	T
16	3860640	3860640	0.0215466	G
17	7576569	7576569	0.0102733	A
17	7577022	7577022	0.0104533	A
17	7577118	7577118	0.01836	A
17	7577529	7577529	0.02406	T
17	7578211	7578211	0.0193933	T
17	33443929	33443929	0.00832666	T
17	37619038	37619038	0.00589334	A
17	37627387	37627387	0.00699334	G
17	37673694	37673694	0.00924	T
17	37682292	37682292	0.00647334	A
17	37682393	37682393	0.00904666	T
17	37686920	37686920	0.00633	T
17	37855834	37855834	0.0377334	A
17	37863268	37863268	0.00547334	A
17	37871563	37871563	0.00730666	A
17	37872035	37872035	0.00522	T
17	37879585	37879585	0.00775334	G
17	37879588	37879588	0.05396	G
17	37880987	37880987	0.00804666	T
17	41222975	41222975	0.01458	T
17	41223063	41223063	0.00745334	A
17	41223094	41223094	0.0573734	C
17	41226380	41226380	0.00729334	A
17	41234470	41234470	0.0574066	G
17	41243509	41243509	0.0106067	C
17	41244000	41244000	0.0596666	C
17	41244435	41244435	0.0511134	C
17	41244936	41244936	0.0584534	A
17	41245237	41245237	0.0574334	G
17	41245466	41245466	0.0552334	A
17	41245471	41245471	0.00576666	T
17	41246481	41246481	0.0171533	C
17	57992034	57992034	0.00793334	A
17	59770802	59770802	0.00342666	T
17	59924491	59924491	0.00255334	T
19	1207057	1207057	0.00934	G
19	1219323	1219323	0.0106667	A
19	3119239	3119239	0.11382	T
19	4099272	4099272	0.0227	A
19	4101062	4101062	0.0601	T
19	4102436	4102436	0.00906	T
19	4102449	4102449	0.0518066	A
19	4117528	4117528	0.0177133	A
19	15281570	15281570	0.00776	A
19	15285193	15285193	0.00904666	A
19	15290236	15290236	0.0154733	T
19	15292560	15292560	0.00951334	T
19	15297790	15297790	0.00738	A
19	15297946	15297946	0.00657334	G
19	15298125	15298125	0.00745334	T
19	15299114	15299114	0.00759334	G
19	15300168	15300168	0.0056	A
19	15302802	15302802	0.00880666	A
19	15303225	15303225	0.0141467	A
19	17945471	17945471	0.01606	A
19	17949108	17949108	0.0147067	T
19	17954215	17954215	0.00411334	T
19	17954597	17954597	0.00455334	G
19	30308385	30308385	0.0107067	C
19	30314666	30314666	0.023	T
19	42383236	42383236	0.00705334	A
19	42383711	42383711	0.00878	A
19	45912181	45912181	0.0182267	A
19	45923603	45923603	0.00953334	A
19	45923653	45923653	0.0550334	G
20	57429030	57429030	0.00522666	T
21	39775468	39775468	0.0123	A
22	29130458	29130458	0.00472	C
22	41523526	41523526	0.0113333	T
22	41548008	41548008	0.0121533	G
22	41562606	41562606	0.00945334	T
22	41566507	41566507	0.00882666	T
22	41573082	41573082	0.01024	T
22	41574132	41574132	0.00558666	T
