chr1	45051304	45051305	0.221	DEL
chr1	59893839	59893844	0.545	DEL
chr1	116579677	116579678	0.324	INS	CTA
chr1	155086199	155086236	0.17	DEL
chr1	212791835	212791871	0.088	DEL
chr1	231221014	231221030	0.265	DEL
chr1	235766274	235766301	0.174	DEL
chr2	7068190	7068223	0.164	DEL
chr2	28543376	28543377	0.229	DEL
chr2	73112794	73112795	0.451	DEL
chr3	38729038	38729039	0.301	DEL
chr3	194137671	194137703	0.376	DEL
chr4	47786565	47786566	0.323	DEL
chr4	51891744	51891745	0.361	INS	A
chr4	69200378	69200379	0.57	DEL
chr5	115130597	115130604	0.896	DEL
chr5	154453835	154453836	0.462	DEL
chr6	160711032	160711045	0.764	DEL
chr6	166369816	166369840	0.293	DEL
chr7	44020406	44020421	0.383	DEL
chr7	100466864	100466890	0.131	DEL
chr7	120956238	120956256	0.102	DEL
chr7	140024672	140024681	0.169	DEL
chr8	23368189	23368210	0.618	DEL
chr8	123220221	123220222	0.812	INS	GGGCTAC
chr8	125067720	125067746	0.051	DEL
chr8	144276455	144276477	0.067	DEL
chr9	92884541	92884551	0.495	DEL
chr10	79942597	79942614	0.116	DEL
chr10	82232930	82232940	0.35	DEL
chr11	1078020	1078022	0.899	DEL
chr11	14843826	14843874	0.077	DEL
chr11	63575069	63575088	0.345	DEL
chr13	36972022	36972054	0.099	DEL
chr13	106567754	106567763	0.167	DEL
chr14	39045522	39045525	0.801	DEL
chr14	91235009	91235029	0.084	DEL
chr15	58691359	58691389	0.214	DEL
chr15	94667278	94667296	0.22	DEL
chr15	99033288	99033289	0.657	DEL
chr17	4818361	4818376	0.211	DEL
chr17	16617165	16617166	0.617	DEL
chr17	41771694	41771736	0.313	DEL
chr17	45119014	45119029	0.757	DEL
chr19	8969814	8969831	0.715	DEL
chr19	18177598	18177618	0.299	DEL
chr19	21536794	21536799	0.204	DEL
chr19	35488723	35488729	0.463	DEL
chr20	57340103	57340105	0.449	DEL
chr21	44330789	44330813	0.255	DEL
chr22	25894918	25894942	0.291	DEL
chr22	37723212	37723213	0.253	DEL
