chr1	1263518	1263518	0.657	A
chr1	12001578	12001578	0.103	T
chr1	16395272	16395272	0.859	T
chr1	18849578	18849578	0.509	A
chr1	22129569	22129569	0.132	T
chr1	22129570	22129570	0.133	T
chr1	33743669	33743669	0.159	C
chr1	35594531	35594531	0.151	A
chr1	36179727	36179727	0.299	A
chr1	36179728	36179728	0.3	A
chr1	39429922	39429922	0.262	C
chr1	39570136	39570136	0.727	G
chr1	41510892	41510892	0.243	C
chr1	42794426	42794426	0.232	T
chr1	43338032	43338032	0.775	C
chr1	43960390	43960390	0.232	T
chr1	43977964	43977964	0.215	T
chr1	44219594	44219594	0.257	T
chr1	46658589	46658589	0.212	T
chr1	52961570	52961570	0.621	A
chr1	53668630	53668630	0.363	C
chr1	56726645	56726645	0.363	G
chr1	56867776	56867776	0.368	A
chr1	57010975	57010975	0.347	T
chr1	59858483	59858483	0.629	T
chr1	63437079	63437079	0.361	T
chr1	66834006	66834006	0.609	G
chr1	67052899	67052899	0.382	A
chr1	83904034	83904034	0.414	G
chr1	86063856	86063856	0.531	C
chr1	86450500	86450500	0.534	T
chr1	86453474	86453474	0.538	A
chr1	86808959	86808959	0.185	T
chr1	87329086	87329086	0.546	T
chr1	90714575	90714575	0.247	C
chr1	92300283	92300283	0.245	G
chr1	92847140	92847140	0.731	T
chr1	94036625	94036625	0.252	A
chr1	102898164	102898164	0.492	A
chr1	107403782	107403782	0.492	A
chr1	109265333	109265333	0.523	G
chr1	109267889	109267889	0.516	C
chr1	109621023	109621023	0.534	A
chr1	111488999	111488999	0.49	C
chr1	111981621	111981621	0.096	T
chr1	111982877	111982877	0.48	T
chr1	114153430	114153430	0.464	T
chr1	116584988	116584988	0.117	A
chr1	119572073	119572073	0.193	C
chr1	119895936	119895936	0.204	T
chr1	119966549	119966549	0.192	A
chr1	145574974	145574974	0.286	T
chr1	147757950	147757950	0.647	C
chr1	149930147	149930147	0.267	C
chr1	150159834	150159834	0.659	C
chr1	150261629	150261629	0.33	A
chr1	150505089	150505089	0.334	T
chr1	151831100	151831100	0.332	T
chr1	154590263	154590263	0.332	A
chr1	155207642	155207642	0.326	T
chr1	155750366	155750366	0.322	A
chr1	155868563	155868563	0.317	A
chr1	156042053	156042053	0.321	A
chr1	157520391	157520391	0.283	A
chr1	158638013	158638013	0.669	C
chr1	158663052	158663052	0.346	A
chr1	160175883	160175883	0.677	T
chr1	160266775	160266775	0.637	G
chr1	160876801	160876801	0.306	T
chr1	160880550	160880550	0.667	A
chr1	161752393	161752393	0.341	G
chr1	165437329	165437329	0.333	C
chr1	167383891	167383891	0.369	G
chr1	169888836	169888836	0.057	G
chr1	173911069	173911069	0.296	T
chr1	176711958	176711958	0.129	G
chr1	179109010	179109010	0.311	C
chr1	179813632	179813632	0.298	A
chr1	179813633	179813633	0.299	C
chr1	180196306	180196306	0.151	A
chr1	183235431	183235431	0.339	G
chr1	183880711	183880711	0.312	C
chr1	190618204	190618204	0.652	A
chr1	193020407	193020407	0.061	G
chr1	196163597	196163597	0.656	T
chr1	196995756	196995756	0.321	G
chr1	197365556	197365556	0.646	G
chr1	200029019	200029019	0.684	G
chr1	201000898	201000898	0.302	A
chr1	202746102	202746102	0.585	G
chr1	203347718	203347718	0.331	C
chr1	203712146	203712146	0.249	G
chr1	203741500	203741500	0.77	G
chr1	204469485	204469485	0.373	G
chr1	204986103	204986103	0.597	G
chr1	205918780	205918780	0.587	G
chr1	206082201	206082201	0.599	G
chr1	206474453	206474453	0.388	G
chr1	207071385	207071385	0.406	A
chr1	217668967	217668967	0.439	T
chr1	220690313	220690313	0.362	T
chr1	222584064	222584064	0.426	A
chr1	223264672	223264672	0.357	C
chr1	223863863	223863863	0.443	C
chr1	225425235	225425235	0.555	A
chr1	226737201	226737201	0.366	A
chr1	227646449	227646449	0.419	A
chr1	228307554	228307554	0.211	A
chr1	229638354	229638354	0.344	T
chr1	231273931	231273931	0.557	T
chr1	231528839	231528839	0.576	T
chr1	232805682	232805682	0.359	T
chr1	245083509	245083509	0.373	G
chr1	245915779	245915779	0.393	A
chr1	247827977	247827977	0.575	T
chr1	248239030	248239030	0.434	T
chr2	46554	46554	0.311	C
chr2	669670	669670	0.334	T
chr2	19975745	19975745	0.413	G
chr2	25233971	25233971	0.586	A
chr2	26489403	26489403	0.233	G
chr2	28549024	28549024	0.725	A
chr2	29033589	29033589	0.24	T
chr2	29045496	29045496	0.367	C
chr2	29302834	29302834	0.359	C
chr2	37952221	37952221	0.191	A
chr2	44942972	44942972	0.324	A
chr2	44943065	44943065	0.329	A
chr2	45006212	45006212	0.338	A
chr2	45009892	45009892	0.337	A
chr2	45413085	45413085	0.672	T
chr2	46384706	46384706	0.129	G
chr2	47806320	47806320	0.305	A
chr2	49020159	49020159	0.334	T
chr2	53808402	53808402	0.156	C
chr2	53901385	53901385	0.341	C
chr2	58461954	58461954	0.308	A
chr2	61348285	61348285	0.341	G
chr2	61872914	61872914	0.621	A
chr2	72887695	72887695	0.472	A
chr2	74969235	74969235	0.485	T
chr2	88735662	88735662	0.392	A
chr2	94874876	94874876	0.42	A
chr2	96145043	96145043	0.133	C
chr2	96689377	96689377	0.558	T
chr2	96738168	96738168	0.41	A
chr2	97211773	97211773	0.149	T
chr2	97712691	97712691	0.57	A
chr2	101308570	101308570	0.599	T
chr2	127248064	127248064	0.378	T
chr2	133320491	133320491	0.353	A
chr2	160107762	160107762	0.233	A
chr2	164502295	164502295	0.062	C
chr2	166429419	166429419	0.668	T
chr2	169181679	169181679	0.3	A
chr2	169270904	169270904	0.283	A
chr2	171855929	171855929	0.044	C
chr2	172065717	172065717	0.649	A
chr2	172087561	172087561	0.357	G
chr2	172917794	172917794	0.122	C
chr2	172988912	172988912	0.663	G
chr2	173575247	173575247	0.268	C
chr2	173910227	173910227	0.057	A
chr2	175093192	175093192	0.324	G
chr2	176811462	176811462	0.274	A
chr2	177513817	177513817	0.25	T
chr2	177997189	177997189	0.698	G
chr2	178116159	178116159	0.665	A
chr2	182386846	182386846	0.317	C
chr2	182981198	182981198	0.247	A
chr2	183003036	183003036	0.284	G
chr2	184985612	184985612	0.685	G
chr2	190982494	190982494	0.649	C
chr2	196026941	196026941	0.298	G
chr2	200536338	200536338	0.489	C
chr2	200620711	200620711	0.407	C
chr2	200816181	200816181	0.457	A
chr2	201330523	201330523	0.513	G
chr2	201835740	201835740	0.42	C
chr2	206791577	206791577	0.518	G
chr2	206960746	206960746	0.55	A
chr2	206960999	206960999	0.544	C
chr2	207088424	207088424	0.563	G
chr2	208181449	208181449	0.538	T
chr2	210658789	210658789	0.542	A
chr2	216428742	216428742	0.55	G
chr2	218234831	218234831	0.421	C
chr2	218991946	218991946	0.456	C
chr2	219208260	219208260	0.186	C
chr2	219471925	219471925	0.4	G
chr2	222689428	222689428	0.126	T
chr2	224770651	224770651	0.511	A
chr2	227358461	227358461	0.688	A
chr2	227893863	227893863	0.275	T
chr2	229334274	229334274	0.447	C
chr2	231594115	231594115	0.082	G
chr2	232329722	232329722	0.6	C
chr2	232556572	232556572	0.394	C
chr2	234024586	234024586	0.586	A
chr2	236124225	236124225	0.342	T
chr2	236392011	236392011	0.082	T
chr2	240745596	240745596	0.313	A
chr2	241190240	241190240	0.29	T
chr2	241799312	241799312	0.574	G
chr3	11790404	11790404	0.053	G
chr3	32441773	32441773	0.329	T
chr3	38698511	38698511	0.33	A
chr3	38752270	38752270	0.075	A
chr3	39188115	39188115	0.666	T
chr3	42548945	42548945	0.074	A
chr3	44242058	44242058	0.293	A
chr3	49001481	49001481	0.071	G
chr3	53724113	53724113	0.331	T
chr3	72997533	72997533	0.065	A
chr3	121473195	121473195	0.472	C
chr3	126498142	126498142	0.518	A
chr3	126656127	126656127	0.429	A
chr3	129389262	129389262	0.24	C
chr3	129561740	129561740	0.24	A
chr3	130409353	130409353	0.51	T
chr3	130815054	130815054	0.512	A
chr3	171085022	171085022	0.513	G
chr3	171138370	171138370	0.201	T
chr3	172353067	172353067	0.268	T
chr3	174348738	174348738	0.526	C
chr3	179563151	179563151	0.141	A
chr3	183179683	183179683	0.499	A
chr3	183179827	183179827	0.491	A
chr3	183228132	183228132	0.256	C
chr3	184141962	184141962	0.276	C
chr3	184357968	184357968	0.308	A
chr3	185473801	185473801	0.323	G
chr3	186164998	186164998	0.637	T
chr3	187223151	187223151	0.298	C
chr3	187229706	187229706	0.352	T
chr3	189738589	189738589	0.335	G
chr3	190166978	190166978	0.315	C
chr4	373602	373602	0.403	T
chr4	442068	442068	0.295	C
chr4	5988667	5988667	0.195	A
chr4	25676653	25676653	0.573	G
chr4	25678192	25678192	0.374	G
chr4	25682035	25682035	0.53	T
chr4	26585268	26585268	0.555	C
chr4	39454364	39454364	0.528	A
chr4	40808809	40808809	0.553	G
chr4	42529403	42529403	0.318	G
chr4	47624021	47624021	0.321	A
chr4	52862472	52862472	0.585	G
chr4	56312993	56312993	0.568	C
chr4	56436233	56436233	0.401	A
chr4	75793916	75793916	0.315	C
chr4	77772922	77772922	0.314	G
chr4	81457713	81457713	0.649	A
chr4	86769842	86769842	0.356	C
chr4	87007234	87007234	0.331	T
chr4	99654591	99654591	0.224	T
chr4	100410302	100410302	0.225	C
chr4	103145956	103145956	0.222	G
chr4	103198496	103198496	0.233	A
chr4	108009752	108009752	0.237	A
chr4	108650682	108650682	0.49	G
chr4	109827971	109827971	0.23	T
chr4	110559664	110559664	0.277	C
chr4	112278288	112278288	0.274	A
chr4	113460311	113460311	0.244	T
chr4	118740663	118740663	0.267	T
chr4	121932626	121932626	0.218	A
chr4	122411481	122411481	0.269	A
chr4	133155028	133155028	0.478	T
chr4	150579230	150579230	0.309	G
chr4	164656660	164656660	0.572	T
chr4	168384950	168384950	0.549	G
chr4	176120051	176120051	0.399	G
chr4	176120052	176120052	0.401	A
chr5	432462	432462	0.324	A
chr5	1331836	1331836	0.327	A
chr5	1814505	1814505	0.317	A
chr5	6020366	6020366	0.168	G
chr5	7886680	7886680	0.333	C
chr5	10353764	10353764	0.247	G
chr5	14507135	14507135	0.233	T
chr5	23521054	23521054	0.493	G
chr5	32711618	32711618	0.246	C
chr5	35807687	35807687	0.057	C
chr5	37299405	37299405	0.481	G
chr5	39074491	39074491	0.359	A
chr5	39270316	39270316	0.675	C
chr5	42688843	42688843	0.676	A
chr5	102236752	102236752	0.457	G
chr5	103104741	103104741	0.099	A
chr5	109589616	109589616	0.283	A
chr5	136274699	136274699	0.473	T
chr5	140795698	140795698	0.315	G
chr5	141332648	141332648	0.673	T
chr5	141351877	141351877	0.633	T
chr5	148116307	148116307	0.313	G
chr5	150204585	150204585	0.674	C
chr5	157743914	157743914	0.362	C
chr5	158712060	158712060	0.661	G
chr5	160354994	160354994	0.308	A
chr5	172683319	172683319	0.326	T
chr5	177460555	177460555	0.301	T
chr5	177460556	177460556	0.301	A
chr5	178932532	178932532	0.076	T
chr5	179733119	179733119	0.343	G
chr5	179820845	179820845	0.333	T
chr5	180101704	180101704	0.298	A
chr5	180947416	180947416	0.335	A
chr6	63572351	63572351	0.661	A
chr6	67934331	67934331	0.498	A
chr6	70190344	70190344	0.257	C
chr6	72292063	72292063	0.093	A
chr6	83523696	83523696	0.296	A
chr6	116545716	116545716	0.047	C
chr6	118491774	118491774	0.659	A
chr6	122781240	122781240	0.342	G
chr6	142760564	142760564	0.196	C
chr6	150000015	150000015	0.337	G
chr6	152325134	152325134	0.331	T
chr6	155244748	155244748	0.136	C
chr6	163457597	163457597	0.109	C
chr6	167208829	167208829	0.33	C
chr6	168038430	168038430	0.369	A
chr6	168066830	168066830	0.368	T
chr6	170557317	170557317	0.602	T
chr7	2712473	2712473	0.376	T
chr7	4145951	4145951	0.576	A
chr7	27130624	27130624	0.327	T
chr7	29947395	29947395	0.341	C
chr7	30667184	30667184	0.373	C
chr7	30689299	30689299	0.303	A
chr7	30883201	30883201	0.338	G
chr7	33605419	33605419	0.342	G
chr7	35668735	35668735	0.348	C
chr7	36690236	36690236	0.328	G
chr7	39339739	39339739	0.343	C
chr7	42794970	42794970	0.056	C
chr7	44044659	44044659	0.635	C
chr7	44254518	44254518	0.331	G
chr7	47833095	47833095	0.275	A
chr7	55399981	55399981	0.338	G
chr7	55810953	55810953	0.65	C
chr7	57770663	57770663	0.48	A
chr7	63567916	63567916	0.122	T
chr7	64433810	64433810	0.387	C
chr7	64693635	64693635	0.559	A
chr7	73469636	73469636	0.338	C
chr7	73865621	73865621	0.31	C
chr7	74056789	74056789	0.148	T
chr7	74189610	74189610	0.664	C
chr7	74601327	74601327	0.338	T
chr7	77600799	77600799	0.211	T
chr7	82908983	82908983	0.402	G
chr7	82916603	82916603	0.204	A
chr7	85050623	85050623	0.047	G
chr7	88114368	88114368	0.189	T
chr7	92077867	92077867	0.39	C
chr7	92448274	92448274	0.187	T
chr7	97006044	97006044	0.375	C
chr7	98953141	98953141	0.411	C
chr7	100127573	100127573	0.411	C
chr7	100188780	100188780	0.388	T
chr7	100478224	100478224	0.424	C
chr7	100648916	100648916	0.369	T
chr7	101087113	101087113	0.199	T
chr7	101314919	101314919	0.197	G
chr7	101817586	101817586	0.391	T
chr7	102317256	102317256	0.201	G
chr7	112342711	112342711	0.417	C
chr7	115014479	115014479	0.317	G
chr7	122320144	122320144	0.042	T
chr7	123570897	123570897	0.098	T
chr7	127627718	127627718	0.82	T
chr7	128409974	128409974	0.088	G
chr7	128815876	128815876	0.191	G
chr7	129163099	129163099	0.087	C
chr7	129389571	129389571	0.214	C
chr7	129657419	129657419	0.042	C
chr7	131504508	131504508	0.165	A
chr7	131879214	131879214	0.783	A
chr7	137164081	137164081	0.205	T
chr7	137577331	137577331	0.815	A
chr7	138116854	138116854	0.829	G
chr7	138583927	138583927	0.212	T
chr7	138771115	138771115	0.217	T
chr7	138771116	138771116	0.217	A
chr7	139955405	139955405	0.208	A
chr7	142646414	142646414	0.113	T
chr7	143294765	143294765	0.092	C
chr7	143390060	143390060	0.167	A
chr7	148965652	148965652	0.864	C
chr7	150795289	150795289	0.862	T
chr7	151000647	151000647	0.218	A
chr7	151181250	151181250	0.112	T
chr7	152890957	152890957	0.671	C
chr7	154587903	154587903	0.122	A
chr7	155106269	155106269	0.105	C
chr7	155395399	155395399	0.206	T
chr7	155462476	155462476	0.064	G
chr7	156947618	156947618	0.67	C
chr7	157005552	157005552	0.13	A
chr8	66134925	66134925	0.308	A
chr8	67086875	67086875	0.35	A
chr8	67267309	67267309	0.336	G
chr8	73421503	73421503	0.102	T
chr8	81522195	81522195	0.363	T
chr8	85439106	85439106	0.304	T
chr8	98951689	98951689	0.384	A
chr8	101688894	101688894	0.248	T
chr8	109440818	109440818	0.264	T
chr8	109941638	109941638	0.259	T
chr8	112550908	112550908	0.181	G
chr8	122769422	122769422	0.201	A
chr8	123140750	123140750	0.129	A
chr8	123182203	123182203	0.321	C
chr8	123209636	123209636	0.282	T
chr8	123220247	123220247	0.135	A
chr8	123346849	123346849	0.176	G
chr8	123768988	123768988	0.326	C
chr8	125102411	125102411	0.257	C
chr8	125436371	125436371	0.151	T
chr8	125436372	125436372	0.151	T
chr8	130443698	130443698	0.36	A
chr8	132100024	132100024	0.15	G
chr8	132141243	132141243	0.368	G
chr8	132810909	132810909	0.353	C
chr8	133256734	133256734	0.435	G
chr8	133459437	133459437	0.159	T
chr8	138619384	138619384	0.159	T
chr8	138737577	138737577	0.17	A
chr8	139630551	139630551	0.503	G
chr8	139730169	139730169	0.339	C
chr8	140818848	140818848	0.159	C
chr8	141480564	141480564	0.152	T
chr8	142489220	142489220	0.333	A
chr8	142511012	142511012	0.069	G
chr8	142875211	142875211	0.179	G
chr8	143368852	143368852	0.301	A
chr8	143558229	143558229	0.333	C
chr8	143572516	143572516	0.062	T
chr8	143805314	143805314	0.169	C
chr8	143805342	143805342	0.064	A
chr8	143824771	143824771	0.309	A
chr8	144105528	144105528	0.171	T
chr8	144474144	144474144	0.158	G
chr8	144500974	144500974	0.139	A
chr9	3287998	3287998	0.514	C
chr9	5769270	5769270	0.513	T
chr9	5922534	5922534	0.464	C
chr9	12695920	12695920	0.489	A
chr9	14784671	14784671	0.499	G
chr9	27294444	27294444	0.464	A
chr9	32450033	32450033	0.115	A
chr9	32974337	32974337	0.524	A
chr9	32974338	32974338	0.525	A
chr9	35091097	35091097	0.473	A
chr9	37784016	37784016	0.483	A
chr9	40875662	40875662	0.261	T
chr9	63775286	63775286	0.203	T
chr9	65391039	65391039	0.276	G
chr9	74739227	74739227	0.679	A
chr9	77358275	77358275	0.328	T
chr9	81992223	81992223	0.674	G
chr9	89065521	89065521	0.334	T
chr9	90864820	90864820	0.332	T
chr9	92885181	92885181	0.341	A
chr9	93909103	93909103	0.673	T
chr9	97238651	97238651	0.664	C
chr9	97365646	97365646	0.677	T
chr9	97480757	97480757	0.666	T
chr9	99826856	99826856	0.329	A
chr9	105598001	105598001	0.661	A
chr9	105607844	105607844	0.669	A
chr9	105607846	105607846	0.667	A
chr9	105850014	105850014	0.397	A
chr9	112275987	112275987	0.097	C
chr9	113369792	113369792	0.467	A
chr9	120858191	120858191	0.501	A
chr9	121328765	121328765	0.533	G
chr9	122378980	122378980	0.228	A
chr9	127445102	127445102	0.086	G
chr9	129102404	129102404	0.229	C
chr9	129803514	129803514	0.215	C
chr9	130307566	130307566	0.22	A
chr9	131120337	131120337	0.138	T
chr9	131582515	131582515	0.107	C
chr9	133344292	133344292	0.708	C
chr9	133354715	133354715	0.711	C
chr9	133405468	133405468	0.436	C
chr9	133438313	133438313	0.076	C
chr9	133474130	133474130	0.714	C
chr9	136754586	136754586	0.388	A
chr9	136764600	136764600	0.247	A
chr9	136994920	136994920	0.752	T
chr9	137008691	137008691	0.285	C
chr9	137086862	137086862	0.268	C
chr9	137181620	137181620	0.733	G
chr9	137255474	137255474	0.72	C
chr9	137436072	137436072	0.353	T
chr9	137590440	137590440	0.261	G
chr9	137879161	137879161	0.246	C
chr9	138120682	138120682	0.208	A
chr10	1363721	1363721	0.088	A
chr10	5882953	5882953	0.21	C
chr10	13740500	13740500	0.486	A
chr10	31532875	31532875	0.556	T
chr10	32110322	32110322	0.488	T
chr10	32567833	32567833	0.234	T
chr10	37957501	37957501	0.497	T
chr10	38307071	38307071	0.479	G
chr10	48743018	48743018	0.32	T
chr10	48963723	48963723	0.319	T
chr10	49942257	49942257	0.32	G
chr10	71762019	71762019	0.491	T
chr10	72375880	72375880	0.448	C
chr10	80609406	80609406	0.458	T
chr10	98415129	98415129	0.106	G
chr10	119827430	119827430	0.114	G
chr10	124021516	124021516	0.409	C
chr10	124620619	124620619	0.539	T
chr10	125740509	125740509	0.413	A
chr10	126071247	126071247	0.16	T
chr10	127736565	127736565	0.112	T
chr10	132163377	132163377	0.555	G
chr10	132843723	132843723	0.738	A
chr11	4389929	4389929	0.483	T
chr11	18665010	18665010	0.471	G
chr11	18707973	18707973	0.498	T
chr11	20638484	20638484	0.49	A
chr11	45227439	45227439	0.476	T
chr11	56160039	56160039	0.28	A
chr11	56469901	56469901	0.049	A
chr11	56542447	56542447	0.256	C
chr11	57746287	57746287	0.575	T
chr11	58190517	58190517	0.201	A
chr11	58190708	58190708	0.561	T
chr11	59364559	59364559	0.209	A
chr11	59578044	59578044	0.547	G
chr11	60708823	60708823	0.552	C
chr11	61485250	61485250	0.529	C
chr11	61508413	61508413	0.534	T
chr11	61535137	61535137	0.565	A
chr11	61955371	61955371	0.43	G
chr11	62752451	62752451	0.518	A
chr11	62827470	62827470	0.45	C
chr11	63290370	63290370	0.549	A
chr11	64320895	64320895	0.442	C
chr11	64556481	64556481	0.539	C
chr11	64662387	64662387	0.552	G
chr11	64692949	64692949	0.227	T
chr11	64830394	64830394	0.561	T
chr11	65961566	65961566	0.421	T
chr11	66474469	66474469	0.55	T
chr11	67925986	67925986	0.533	G
chr11	68036604	68036604	0.417	A
chr11	68174274	68174274	0.44	G
chr11	68651802	68651802	0.206	A
chr11	70087777	70087777	0.206	T
chr11	72822508	72822508	0.441	C
chr11	89420211	89420211	0.515	C
chr11	92982015	92982015	0.545	T
chr11	104887175	104887175	0.463	A
chr11	122618944	122618944	0.122	A
chr11	123730742	123730742	0.469	A
chr11	123943667	123943667	0.511	C
chr11	130123667	130123667	0.137	C
chr11	132436786	132436786	0.491	A
chr12	889170	889170	0.695	G
chr12	1970848	1970848	0.268	C
chr12	6600860	6600860	0.656	C
chr12	6850642	6850642	0.281	G
chr12	6867653	6867653	0.664	C
chr12	6938930	6938930	0.269	T
chr12	6977354	6977354	0.224	T
chr12	7101769	7101769	0.53	A
chr12	8636940	8636940	0.211	C
chr12	9068692	9068692	0.208	A
chr12	10213914	10213914	0.224	C
chr12	12612221	12612221	0.237	G
chr12	21654542	21654542	0.778	A
chr12	28291989	28291989	0.647	T
chr12	31697922	31697922	0.312	T
chr12	32108541	32108541	0.67	G
chr12	32679658	32679658	0.663	G
chr12	40446404	40446404	0.444	G
chr12	51495109	51495109	0.501	T
chr12	57571935	57571935	0.481	T
chr12	67295104	67295104	0.105	A
chr12	71704186	71704186	0.492	C
chr12	72022345	72022345	0.114	T
chr12	72575519	72575519	0.479	T
chr12	91178613	91178613	0.501	A
chr12	107902398	107902398	0.534	A
chr12	109288509	109288509	0.482	A
chr12	109447417	109447417	0.503	A
chr12	110899112	110899112	0.191	G
chr12	122591322	122591322	0.471	T
chr12	130806849	130806849	0.48	G
chr12	132053416	132053416	0.567	A
chr12	132066878	132066878	0.516	A
chr13	18952717	18952717	0.649	C
chr13	24690373	24690373	0.145	G
chr13	25169964	25169964	0.33	T
chr13	25541937	25541937	0.304	C
chr13	25541938	25541938	0.304	T
chr13	31116981	31116981	0.273	A
chr13	32339132	32339132	0.375	T
chr13	37746422	37746422	0.544	T
chr13	45399009	45399009	0.488	T
chr13	91398955	91398955	0.544	C
chr13	113425168	113425168	0.535	T
chr14	21324542	21324542	0.506	G
chr14	24060744	24060744	0.466	A
chr14	24068643	24068643	0.228	A
chr14	24118216	24118216	0.502	T
chr14	24190419	24190419	0.087	A
chr14	26447828	26447828	0.404	T
chr14	26448938	26448938	0.397	C
chr14	30877397	30877397	0.571	T
chr14	31711415	31711415	0.611	G
chr14	32600791	32600791	0.592	T
chr14	32773881	32773881	0.576	T
chr14	48428902	48428902	0.478	G
chr14	49602531	49602531	0.227	C
chr14	50886809	50886809	0.473	T
chr14	54776354	54776354	0.254	T
chr14	55411452	55411452	0.499	G
chr14	57724233	57724233	0.474	T
chr14	58521243	58521243	0.464	G
chr14	75292133	75292133	0.241	T
chr14	81032664	81032664	0.253	A
chr14	82872478	82872478	0.769	C
chr14	88323288	88323288	0.537	T
chr14	88615631	88615631	0.832	T
chr14	88687042	88687042	0.513	A
chr14	90398207	90398207	0.482	A
chr14	90578398	90578398	0.158	T
chr14	91783160	91783160	0.151	A
chr14	92515490	92515490	0.83	G
chr14	93692019	93692019	0.161	T
chr14	94382908	94382908	0.165	G
chr14	94463232	94463232	0.47	T
chr14	94727039	94727039	0.316	A
chr14	95691565	95691565	0.464	A
chr14	96090629	96090629	0.163	G
chr14	101060651	101060651	0.155	A
chr14	104745001	104745001	0.116	T
chr14	106268545	106268545	0.48	A
chr14	106269204	106269204	0.479	C
chr14	106324560	106324560	0.748	A
chr15	28815512	28815512	0.471	A
chr15	30951925	30951925	0.451	T
chr15	40622779	40622779	0.449	T
chr15	40622780	40622780	0.452	T
chr15	48251471	48251471	0.465	A
chr15	50643417	50643417	0.517	G
chr15	56464272	56464272	0.529	T
chr15	56918208	56918208	0.049	G
chr15	57621786	57621786	0.242	C
chr15	58869885	58869885	0.477	G
chr15	62247006	62247006	0.498	A
chr15	62819537	62819537	0.475	A
chr15	67823497	67823497	0.426	T
chr15	69049034	69049034	0.421	C
chr15	70060783	70060783	0.528	T
chr15	73888523	73888523	0.283	T
chr15	74280669	74280669	0.554	T
chr15	78999882	78999882	0.145	A
chr15	82851408	82851408	0.167	C
chr15	84036951	84036951	0.273	T
chr15	89210217	89210217	0.162	T
chr15	89305954	89305954	0.293	G
chr15	89671702	89671702	0.155	A
chr15	90931551	90931551	0.073	C
chr15	94399983	94399983	0.125	T
chr15	100580747	100580747	0.632	C
chr15	100900577	100900577	0.422	T
chr15	101751264	101751264	0.122	G
chr16	68370	68370	0.646	C
chr16	79675	79675	0.14	A
chr16	634075	634075	0.337	A
chr16	1320437	1320437	0.631	C
chr16	2175291	2175291	0.342	T
chr16	2295601	2295601	0.635	G
chr16	2498136	2498136	0.289	T
chr16	2820901	2820901	0.331	T
chr16	3204225	3204225	0.637	G
chr16	3751904	3751904	0.346	A
chr16	3792126	3792126	0.338	A
chr16	4454855	4454855	0.645	T
chr16	5935056	5935056	0.659	T
chr16	17875435	17875435	0.772	T
chr16	19266917	19266917	0.174	T
chr16	19736883	19736883	0.318	T
chr16	20336897	20336897	0.158	A
chr16	20790936	20790936	0.165	A
chr16	21278464	21278464	0.639	C
chr16	21705190	21705190	0.215	T
chr16	22116742	22116742	0.333	C
chr16	22305469	22305469	0.167	T
chr16	24215029	24215029	0.491	A
chr16	24806461	24806461	0.487	A
chr16	25221523	25221523	0.268	C
chr16	25246938	25246938	0.468	T
chr16	27850590	27850590	0.45	C
chr16	30894580	30894580	0.487	C
chr16	31034332	31034332	0.51	T
chr16	31416199	31416199	0.251	G
chr16	31755396	31755396	0.252	C
chr16	35207368	35207368	0.653	C
chr17	2364457	2364457	0.67	G
chr17	2936362	2936362	0.692	A
chr17	4189200	4189200	0.333	G
chr17	5007047	5007047	0.327	T
chr17	6684778	6684778	0.324	C
chr17	7588500	7588500	0.687	C
chr17	9959188	9959188	0.293	G
chr17	11784435	11784435	0.33	C
chr17	18143814	18143814	0.66	A
chr17	18988513	18988513	0.314	T
chr17	35522730	35522730	0.502	C
chr17	44929040	44929040	0.467	A
chr17	53822975	53822975	0.478	T
chr17	57005976	57005976	0.458	T
chr17	68255834	68255834	0.09	C
chr17	68529082	68529082	0.4	G
chr17	72123715	72123715	0.093	G
chr17	73206481	73206481	0.254	C
chr17	73387878	73387878	0.105	T
chr17	74299542	74299542	0.471	G
chr17	74748666	74748666	0.522	G
chr17	74771706	74771706	0.499	A
chr17	74795641	74795641	0.256	T
chr17	74844321	74844321	0.492	T
chr17	75614937	75614937	0.503	C
chr17	76680930	76680930	0.134	G
chr17	78414747	78414747	0.483	T
chr17	78484883	78484883	0.22	T
chr17	80050160	80050160	0.204	T
chr17	81902393	81902393	0.384	T
chr17	81906207	81906207	0.184	A
chr17	82107530	82107530	0.083	A
chr17	82239123	82239123	0.421	C
chr17	82316017	82316017	0.18	T
chr18	5133230	5133230	0.495	A
chr18	6824791	6824791	0.467	C
chr18	14106119	14106119	0.46	C
chr18	15250081	15250081	0.475	C
chr18	23586526	23586526	0.487	T
chr18	23907904	23907904	0.492	T
chr18	26057772	26057772	0.501	C
chr18	28652948	28652948	0.243	G
chr18	32196594	32196594	0.257	A
chr18	36067342	36067342	0.471	G
chr18	36169934	36169934	0.466	A
chr18	46263224	46263224	0.059	A
chr18	46721543	46721543	0.485	G
chr18	49586912	49586912	0.512	A
chr18	49651649	49651649	0.472	G
chr18	54907757	54907757	0.162	C
chr18	56779333	56779333	0.309	G
chr18	79714627	79714627	0.398	T
chr18	80136552	80136552	0.604	T
chr18	80138229	80138229	0.592	T
chr19	1785172	1785172	0.101	A
chr19	2341278	2341278	0.483	T
chr19	2524582	2524582	0.223	A
chr19	8955984	8955984	0.46	A
chr19	12580948	12580948	0.224	A
chr19	12702635	12702635	0.468	A
chr19	12973460	12973460	0.082	T
chr19	13262933	13262933	0.462	T
chr19	13836644	13836644	0.25	A
chr19	13912635	13912635	0.501	G
chr19	15361609	15361609	0.521	T
chr19	16093699	16093699	0.527	C
chr19	16361782	16361782	0.244	A
chr19	16572289	16572289	0.462	G
chr19	16896605	16896605	0.491	G
chr19	17555816	17555816	0.516	T
chr19	18107764	18107764	0.064	A
chr19	19336158	19336158	0.125	C
chr19	23492164	23492164	0.251	T
chr19	33211055	33211055	0.435	G
chr19	33772343	33772343	0.183	T
chr19	34403252	34403252	0.534	G
chr19	35644539	35644539	0.431	A
chr19	35726507	35726507	0.206	T
chr19	35843401	35843401	0.28	T
chr19	38477823	38477823	0.553	A
chr19	38609895	38609895	0.058	A
chr19	39507413	39507413	0.113	G
chr19	39607277	39607277	0.103	A
chr19	42274467	42274467	0.504	T
chr19	43198461	43198461	0.473	T
chr19	49182562	49182562	0.484	T
chr19	49449331	49449331	0.513	C
chr19	50625546	50625546	0.275	A
chr19	50798096	50798096	0.484	G
chr19	51103986	51103986	0.463	T
chr19	51601700	51601700	0.289	T
chr19	51717343	51717343	0.181	T
chr19	52725699	52725699	0.462	T
chr19	52755056	52755056	0.295	C
chr19	52915359	52915359	0.531	C
chr19	54808956	54808956	0.277	T
chr19	54821683	54821683	0.305	A
chr19	55226999	55226999	0.476	C
chr19	55440641	55440641	0.16	T
chr19	55486070	55486070	0.463	A
chr19	55732557	55732557	0.136	T
chr19	57130037	57130037	0.504	G
chr19	57397066	57397066	0.49	T
chr20	2312958	2312958	0.625	T
chr20	4182497	4182497	0.594	A
chr20	5168677	5168677	0.624	T
chr20	5186614	5186614	0.592	T
chr20	5943958	5943958	0.614	A
chr20	6006318	6006318	0.62	C
chr20	7073771	7073771	0.614	C
chr20	10054509	10054509	0.618	C
chr20	23354059	23354059	0.367	G
chr20	30285563	30285563	0.56	C
chr20	31412779	31412779	0.281	T
chr20	31514436	31514436	0.296	G
chr20	31666142	31666142	0.308	A
chr20	32216942	32216942	0.611	T
chr20	32358684	32358684	0.275	G
chr20	33217479	33217479	0.626	G
chr20	34882686	34882686	0.208	T
chr20	35092906	35092906	0.123	A
chr20	35384132	35384132	0.468	G
chr20	35411782	35411782	0.449	G
chr20	35734879	35734879	0.447	T
chr20	37859763	37859763	0.537	T
chr20	37996832	37996832	0.062	A
chr20	38000259	38000259	0.225	A
chr20	38150797	38150797	0.545	T
chr20	38564955	38564955	0.444	T
chr20	41164014	41164014	0.519	C
chr20	41165772	41165772	0.425	G
chr20	41440135	41440135	0.547	G
chr20	44054176	44054176	0.498	A
chr20	44727434	44727434	0.45	G
chr20	45421558	45421558	0.207	T
chr20	51693765	51693765	0.273	A
chr20	58771335	58771335	0.279	G
chr20	59944226	59944226	0.495	G
chr20	62965800	62965800	0.517	A
chr20	63587963	63587963	0.499	T
chr20	63694680	63694680	0.523	A
chr20	63886292	63886292	0.485	G
chr20	64027784	64027784	0.475	T
chr21	30755336	30755336	0.444	T
chr21	41445861	41445861	0.414	T
chr21	42482740	42482740	0.466	G
chr21	46315256	46315256	0.325	T
chr22	22881081	22881081	0.503	T
chr22	22881098	22881098	0.505	T
chr22	23573199	23573199	0.311	T
chr22	23573200	23573200	0.311	A
chr22	23765262	23765262	0.494	C
chr22	24686867	24686867	0.486	T
chr22	29141977	29141977	0.492	A
chr22	29286163	29286163	0.529	A
chr22	29536548	29536548	0.204	G
chr22	31275055	31275055	0.457	T
chr22	32082082	32082082	0.399	G
chr22	32517993	32517993	0.406	G
chr22	35726447	35726447	0.047	T
chr22	37374978	37374978	0.161	A
chr22	37406841	37406841	0.331	A
chr22	37570268	37570268	0.49	G
chr22	37631021	37631021	0.494	G
chr22	38862340	38862340	0.257	T
chr22	39081699	39081699	0.064	G
chr22	41554515	41554515	0.719	C
chr22	41637953	41637953	0.253	G
chr22	42272847	42272847	0.715	T
chr22	44396017	44396017	0.72	C
chr22	44570681	44570681	0.496	G
chr22	44570682	44570682	0.49	T
chr22	46256398	46256398	0.487	G
chr22	46256399	46256399	0.481	A
chr22	46257699	46257699	0.265	A
chr22	47461797	47461797	0.569	T
chr22	48977098	48977098	0.784	T
chr22	50243801	50243801	0.782	C
chr22	50281816	50281816	0.204	T
chr22	50460629	50460629	0.173	G
