chr1	1263518	1263518	0.657	snv	A
chr1	12001578	12001578	0.103	snv	T
chr1	16395272	16395272	0.859	snv	T
chr1	18849578	18849578	0.509	snv	A
chr1	22129569	22129569	0.132	snv	T
chr1	22129570	22129570	0.133	snv	T
chr1	33743669	33743669	0.159	snv	C
chr1	35594531	35594531	0.151	snv	A
chr1	36179727	36179727	0.299	snv	A
chr1	36179728	36179728	0.3	snv	A
chr1	39429922	39429922	0.262	snv	C
chr1	39570136	39570136	0.727	snv	G
chr1	41510892	41510892	0.243	snv	C
chr1	42794426	42794426	0.232	snv	T
chr1	43338032	43338032	0.775	snv	C
chr1	43960390	43960390	0.232	snv	T
chr1	43977964	43977964	0.215	snv	T
chr1	44219594	44219594	0.257	snv	T
chr1	45051305	45051305	0.221	del	.
chr1	46658589	46658589	0.212	snv	T
chr1	52961570	52961570	0.621	snv	A
chr1	53668630	53668630	0.363	snv	C
chr1	56726645	56726645	0.363	snv	G
chr1	56867776	56867776	0.368	snv	A
chr1	57010975	57010975	0.347	snv	T
chr1	59858483	59858483	0.629	snv	T
chr1	59893840	59893844	0.545	del	.
chr1	63437079	63437079	0.361	snv	T
chr1	66834006	66834006	0.609	snv	G
chr1	67052899	67052899	0.382	snv	A
chr1	83904034	83904034	0.414	snv	G
chr1	86063856	86063856	0.531	snv	C
chr1	86450500	86450500	0.534	snv	T
chr1	86453474	86453474	0.538	snv	A
chr1	86808959	86808959	0.185	snv	T
chr1	87329086	87329086	0.546	snv	T
chr1	90714575	90714575	0.247	snv	C
chr1	92300283	92300283	0.245	snv	G
chr1	92847140	92847140	0.731	snv	T
chr1	94036625	94036625	0.252	snv	A
chr1	102898164	102898164	0.492	snv	A
chr1	107403782	107403782	0.492	snv	A
chr1	109265333	109265333	0.523	snv	G
chr1	109267889	109267889	0.516	snv	C
chr1	109621023	109621023	0.534	snv	A
chr1	111488999	111488999	0.49	snv	C
chr1	111981621	111981621	0.096	snv	T
chr1	111982877	111982877	0.48	snv	T
chr1	114153430	114153430	0.464	snv	T
chr1	116579677	116579678	0.324	ins	CTA
chr1	116584988	116584988	0.117	snv	A
chr1	119572073	119572073	0.193	snv	C
chr1	119895936	119895936	0.204	snv	T
chr1	119966549	119966549	0.192	snv	A
chr1	145574974	145574974	0.286	snv	T
chr1	147757950	147757950	0.647	snv	C
chr1	149930147	149930147	0.267	snv	C
chr1	150159834	150159834	0.659	snv	C
chr1	150261629	150261629	0.33	snv	A
chr1	150505089	150505089	0.334	snv	T
chr1	151831100	151831100	0.332	snv	T
chr1	154590263	154590263	0.332	snv	A
chr1	155086200	155086236	0.17	del	.
chr1	155207642	155207642	0.326	snv	T
chr1	155750366	155750366	0.322	snv	A
chr1	155868563	155868563	0.317	snv	A
chr1	156042053	156042053	0.321	snv	A
chr1	157520391	157520391	0.283	snv	A
chr1	158638013	158638013	0.669	snv	C
chr1	158663052	158663052	0.346	snv	A
chr1	160175883	160175883	0.677	snv	T
chr1	160266775	160266775	0.637	snv	G
chr1	160876801	160876801	0.306	snv	T
chr1	160880550	160880550	0.667	snv	A
chr1	161752393	161752393	0.341	snv	G
chr1	165437329	165437329	0.333	snv	C
chr1	167383891	167383891	0.369	snv	G
chr1	169888836	169888836	0.057	snv	G
chr1	173911069	173911069	0.296	snv	T
chr1	176711958	176711958	0.129	snv	G
chr1	179109010	179109010	0.311	snv	C
chr1	179813632	179813632	0.298	snv	A
chr1	179813633	179813633	0.299	snv	C
chr1	180196306	180196306	0.151	snv	A
chr1	183235431	183235431	0.339	snv	G
chr1	183880711	183880711	0.312	snv	C
chr1	190618204	190618204	0.652	snv	A
chr1	193020407	193020407	0.061	snv	G
chr1	196163597	196163597	0.656	snv	T
chr1	196995756	196995756	0.321	snv	G
chr1	197365556	197365556	0.646	snv	G
chr1	200029019	200029019	0.684	snv	G
chr1	201000898	201000898	0.302	snv	A
chr1	202746102	202746102	0.585	snv	G
chr1	203347718	203347718	0.331	snv	C
chr1	203712146	203712146	0.249	snv	G
chr1	203741500	203741500	0.77	snv	G
chr1	204469485	204469485	0.373	snv	G
chr1	204986103	204986103	0.597	snv	G
chr1	205918780	205918780	0.587	snv	G
chr1	206082201	206082201	0.599	snv	G
chr1	206474453	206474453	0.388	snv	G
chr1	207071385	207071385	0.406	snv	A
chr1	212791836	212791871	0.088	del	.
chr1	217668967	217668967	0.439	snv	T
chr1	220690313	220690313	0.362	snv	T
chr1	222584064	222584064	0.426	snv	A
chr1	223264672	223264672	0.357	snv	C
chr1	223863863	223863863	0.443	snv	C
chr1	225425235	225425235	0.555	snv	A
chr1	226737201	226737201	0.366	snv	A
chr1	227646449	227646449	0.419	snv	A
chr1	228307554	228307554	0.211	snv	A
chr1	229638354	229638354	0.344	snv	T
chr1	231221015	231221030	0.265	del	.
chr1	231273931	231273931	0.557	snv	T
chr1	231528839	231528839	0.576	snv	T
chr1	232805682	232805682	0.359	snv	T
chr1	235766275	235766301	0.174	del	.
chr1	245083509	245083509	0.373	snv	G
chr1	245915779	245915779	0.393	snv	A
chr1	247827977	247827977	0.575	snv	T
chr1	248239030	248239030	0.434	snv	T
chr2	46554	46554	0.311	snv	C
chr2	669670	669670	0.334	snv	T
chr2	7068191	7068223	0.164	del	.
chr2	19975745	19975745	0.413	snv	G
chr2	25233971	25233971	0.586	snv	A
chr2	26489403	26489403	0.233	snv	G
chr2	28543377	28543377	0.229	del	.
chr2	28549024	28549024	0.725	snv	A
chr2	29033589	29033589	0.24	snv	T
chr2	29045496	29045496	0.367	snv	C
chr2	29302834	29302834	0.359	snv	C
chr2	37952221	37952221	0.191	snv	A
chr2	44942972	44942972	0.324	snv	A
chr2	44943065	44943065	0.329	snv	A
chr2	45006212	45006212	0.338	snv	A
chr2	45009892	45009892	0.337	snv	A
chr2	45413085	45413085	0.672	snv	T
chr2	46384706	46384706	0.129	snv	G
chr2	47806320	47806320	0.305	snv	A
chr2	49020159	49020159	0.334	snv	T
chr2	53808402	53808402	0.156	snv	C
chr2	53901385	53901385	0.341	snv	C
chr2	58461954	58461954	0.308	snv	A
chr2	61348285	61348285	0.341	snv	G
chr2	61872914	61872914	0.621	snv	A
chr2	72887695	72887695	0.472	snv	A
chr2	73112795	73112795	0.451	del	.
chr2	74969235	74969235	0.485	snv	T
chr2	88735662	88735662	0.392	snv	A
chr2	94874876	94874876	0.42	snv	A
chr2	96145043	96145043	0.133	snv	C
chr2	96689377	96689377	0.558	snv	T
chr2	96738168	96738168	0.41	snv	A
chr2	97211773	97211773	0.149	snv	T
chr2	97712691	97712691	0.57	snv	A
chr2	101308570	101308570	0.599	snv	T
chr2	127248064	127248064	0.378	snv	T
chr2	133320491	133320491	0.353	snv	A
chr2	160107762	160107762	0.233	snv	A
chr2	164502295	164502295	0.062	snv	C
chr2	166429419	166429419	0.668	snv	T
chr2	169181679	169181679	0.3	snv	A
chr2	169270904	169270904	0.283	snv	A
chr2	171855929	171855929	0.044	snv	C
chr2	172065717	172065717	0.649	snv	A
chr2	172087561	172087561	0.357	snv	G
chr2	172917794	172917794	0.122	snv	C
chr2	172988912	172988912	0.663	snv	G
chr2	173575247	173575247	0.268	snv	C
chr2	173910227	173910227	0.057	snv	A
chr2	175093192	175093192	0.324	snv	G
chr2	176811462	176811462	0.274	snv	A
chr2	177513817	177513817	0.25	snv	T
chr2	177997189	177997189	0.698	snv	G
chr2	178116159	178116159	0.665	snv	A
chr2	182386846	182386846	0.317	snv	C
chr2	182981198	182981198	0.247	snv	A
chr2	183003036	183003036	0.284	snv	G
chr2	184985612	184985612	0.685	snv	G
chr2	190982494	190982494	0.649	snv	C
chr2	196026941	196026941	0.298	snv	G
chr2	200536338	200536338	0.489	snv	C
chr2	200620711	200620711	0.407	snv	C
chr2	200816181	200816181	0.457	snv	A
chr2	201330523	201330523	0.513	snv	G
chr2	201835740	201835740	0.42	snv	C
chr2	206791577	206791577	0.518	snv	G
chr2	206960746	206960746	0.55	snv	A
chr2	206960999	206960999	0.544	snv	C
chr2	207088424	207088424	0.563	snv	G
chr2	208181449	208181449	0.538	snv	T
chr2	210658789	210658789	0.542	snv	A
chr2	216428742	216428742	0.55	snv	G
chr2	218234831	218234831	0.421	snv	C
chr2	218991946	218991946	0.456	snv	C
chr2	219208260	219208260	0.186	snv	C
chr2	219471925	219471925	0.4	snv	G
chr2	222689428	222689428	0.126	snv	T
chr2	224770651	224770651	0.511	snv	A
chr2	227358461	227358461	0.688	snv	A
chr2	227893863	227893863	0.275	snv	T
chr2	229334274	229334274	0.447	snv	C
chr2	231594115	231594115	0.082	snv	G
chr2	232329722	232329722	0.6	snv	C
chr2	232556572	232556572	0.394	snv	C
chr2	234024586	234024586	0.586	snv	A
chr2	236124225	236124225	0.342	snv	T
chr2	236392011	236392011	0.082	snv	T
chr2	240745596	240745596	0.313	snv	A
chr2	241190240	241190240	0.29	snv	T
chr2	241799312	241799312	0.574	snv	G
chr3	11790404	11790404	0.053	snv	G
chr3	32441773	32441773	0.329	snv	T
chr3	38698511	38698511	0.33	snv	A
chr3	38729039	38729039	0.301	del	.
chr3	38752270	38752270	0.075	snv	A
chr3	39188115	39188115	0.666	snv	T
chr3	42548945	42548945	0.074	snv	A
chr3	44242058	44242058	0.293	snv	A
chr3	49001481	49001481	0.071	snv	G
chr3	53724113	53724113	0.331	snv	T
chr3	72997533	72997533	0.065	snv	A
chr3	121473195	121473195	0.472	snv	C
chr3	126498142	126498142	0.518	snv	A
chr3	126656127	126656127	0.429	snv	A
chr3	129389262	129389262	0.24	snv	C
chr3	129561740	129561740	0.24	snv	A
chr3	130409353	130409353	0.51	snv	T
chr3	130815054	130815054	0.512	snv	A
chr3	171085022	171085022	0.513	snv	G
chr3	171138370	171138370	0.201	snv	T
chr3	172353067	172353067	0.268	snv	T
chr3	174348738	174348738	0.526	snv	C
chr3	179563151	179563151	0.141	snv	A
chr3	183179683	183179683	0.499	snv	A
chr3	183179827	183179827	0.491	snv	A
chr3	183228132	183228132	0.256	snv	C
chr3	184141962	184141962	0.276	snv	C
chr3	184357968	184357968	0.308	snv	A
chr3	185473801	185473801	0.323	snv	G
chr3	186164998	186164998	0.637	snv	T
chr3	187223151	187223151	0.298	snv	C
chr3	187229706	187229706	0.352	snv	T
chr3	189738589	189738589	0.335	snv	G
chr3	190166978	190166978	0.315	snv	C
chr3	194137672	194137703	0.376	del	.
chr4	373602	373602	0.403	snv	T
chr4	442068	442068	0.295	snv	C
chr4	5988667	5988667	0.195	snv	A
chr4	25676653	25676653	0.573	snv	G
chr4	25678192	25678192	0.374	snv	G
chr4	25682035	25682035	0.53	snv	T
chr4	26585268	26585268	0.555	snv	C
chr4	39454364	39454364	0.528	snv	A
chr4	40808809	40808809	0.553	snv	G
chr4	42529403	42529403	0.318	snv	G
chr4	47624021	47624021	0.321	snv	A
chr4	47786566	47786566	0.323	del	.
chr4	51891744	51891745	0.361	ins	A
chr4	52862472	52862472	0.585	snv	G
chr4	56312993	56312993	0.568	snv	C
chr4	56436233	56436233	0.401	snv	A
chr4	69200379	69200379	0.57	del	.
chr4	75793916	75793916	0.315	snv	C
chr4	77772922	77772922	0.314	snv	G
chr4	81457713	81457713	0.649	snv	A
chr4	86769842	86769842	0.356	snv	C
chr4	87007234	87007234	0.331	snv	T
chr4	99654591	99654591	0.224	snv	T
chr4	100410302	100410302	0.225	snv	C
chr4	103145956	103145956	0.222	snv	G
chr4	103198496	103198496	0.233	snv	A
chr4	108009752	108009752	0.237	snv	A
chr4	108650682	108650682	0.49	snv	G
chr4	109827971	109827971	0.23	snv	T
chr4	110559664	110559664	0.277	snv	C
chr4	112278288	112278288	0.274	snv	A
chr4	113460311	113460311	0.244	snv	T
chr4	118740663	118740663	0.267	snv	T
chr4	121932626	121932626	0.218	snv	A
chr4	122411481	122411481	0.269	snv	A
chr4	133155028	133155028	0.478	snv	T
chr4	150579230	150579230	0.309	snv	G
chr4	164656660	164656660	0.572	snv	T
chr4	168384950	168384950	0.549	snv	G
chr4	176120051	176120051	0.399	snv	G
chr4	176120052	176120052	0.401	snv	A
chr5	432462	432462	0.324	snv	A
chr5	1331836	1331836	0.327	snv	A
chr5	1814505	1814505	0.317	snv	A
chr5	6020366	6020366	0.168	snv	G
chr5	7886680	7886680	0.333	snv	C
chr5	10353764	10353764	0.247	snv	G
chr5	14507135	14507135	0.233	snv	T
chr5	23521054	23521054	0.493	snv	G
chr5	32711618	32711618	0.246	snv	C
chr5	35807687	35807687	0.057	snv	C
chr5	37299405	37299405	0.481	snv	G
chr5	39074491	39074491	0.359	snv	A
chr5	39270316	39270316	0.675	snv	C
chr5	42688843	42688843	0.676	snv	A
chr5	102236752	102236752	0.457	snv	G
chr5	103104741	103104741	0.099	snv	A
chr5	109589616	109589616	0.283	snv	A
chr5	115130598	115130604	0.896	del	.
chr5	136274699	136274699	0.473	snv	T
chr5	140795698	140795698	0.315	snv	G
chr5	141332648	141332648	0.673	snv	T
chr5	141351877	141351877	0.633	snv	T
chr5	148116307	148116307	0.313	snv	G
chr5	150204585	150204585	0.674	snv	C
chr5	154453836	154453836	0.462	del	.
chr5	157743914	157743914	0.362	snv	C
chr5	158712060	158712060	0.661	snv	G
chr5	160354994	160354994	0.308	snv	A
chr5	172683319	172683319	0.326	snv	T
chr5	177460555	177460555	0.301	snv	T
chr5	177460556	177460556	0.301	snv	A
chr5	178932532	178932532	0.076	snv	T
chr5	179733119	179733119	0.343	snv	G
chr5	179820845	179820845	0.333	snv	T
chr5	180101704	180101704	0.298	snv	A
chr5	180947416	180947416	0.335	snv	A
chr6	63572351	63572351	0.661	snv	A
chr6	67934331	67934331	0.498	snv	A
chr6	70190344	70190344	0.257	snv	C
chr6	72292063	72292063	0.093	snv	A
chr6	83523696	83523696	0.296	snv	A
chr6	116545716	116545716	0.047	snv	C
chr6	118491774	118491774	0.659	snv	A
chr6	122781240	122781240	0.342	snv	G
chr6	142760564	142760564	0.196	snv	C
chr6	150000015	150000015	0.337	snv	G
chr6	152325134	152325134	0.331	snv	T
chr6	155244748	155244748	0.136	snv	C
chr6	160711033	160711045	0.764	del	.
chr6	163457597	163457597	0.109	snv	C
chr6	166369817	166369840	0.293	del	.
chr6	167208829	167208829	0.33	snv	C
chr6	168038430	168038430	0.369	snv	A
chr6	168066830	168066830	0.368	snv	T
chr6	170557317	170557317	0.602	snv	T
chr7	2712473	2712473	0.376	snv	T
chr7	4145951	4145951	0.576	snv	A
chr7	27130624	27130624	0.327	snv	T
chr7	29947395	29947395	0.341	snv	C
chr7	30667184	30667184	0.373	snv	C
chr7	30689299	30689299	0.303	snv	A
chr7	30883201	30883201	0.338	snv	G
chr7	33605419	33605419	0.342	snv	G
chr7	35668735	35668735	0.348	snv	C
chr7	36690236	36690236	0.328	snv	G
chr7	39339739	39339739	0.343	snv	C
chr7	42794970	42794970	0.056	snv	C
chr7	44020407	44020421	0.383	del	.
chr7	44044659	44044659	0.635	snv	C
chr7	44254518	44254518	0.331	snv	G
chr7	47833095	47833095	0.275	snv	A
chr7	55399981	55399981	0.338	snv	G
chr7	55810953	55810953	0.65	snv	C
chr7	57770663	57770663	0.48	snv	A
chr7	63567916	63567916	0.122	snv	T
chr7	64433810	64433810	0.387	snv	C
chr7	64693635	64693635	0.559	snv	A
chr7	73469636	73469636	0.338	snv	C
chr7	73865621	73865621	0.31	snv	C
chr7	74056789	74056789	0.148	snv	T
chr7	74189610	74189610	0.664	snv	C
chr7	74601327	74601327	0.338	snv	T
chr7	77600799	77600799	0.211	snv	T
chr7	82908983	82908983	0.402	snv	G
chr7	82916603	82916603	0.204	snv	A
chr7	85050623	85050623	0.047	snv	G
chr7	88114368	88114368	0.189	snv	T
chr7	92077867	92077867	0.39	snv	C
chr7	92448274	92448274	0.187	snv	T
chr7	97006044	97006044	0.375	snv	C
chr7	98953141	98953141	0.411	snv	C
chr7	100127573	100127573	0.411	snv	C
chr7	100188780	100188780	0.388	snv	T
chr7	100466865	100466890	0.131	del	.
chr7	100478224	100478224	0.424	snv	C
chr7	100648916	100648916	0.369	snv	T
chr7	101087113	101087113	0.199	snv	T
chr7	101314919	101314919	0.197	snv	G
chr7	101817586	101817586	0.391	snv	T
chr7	102317256	102317256	0.201	snv	G
chr7	112342711	112342711	0.417	snv	C
chr7	115014479	115014479	0.317	snv	G
chr7	120956239	120956256	0.102	del	.
chr7	122320144	122320144	0.042	snv	T
chr7	123570897	123570897	0.098	snv	T
chr7	127627718	127627718	0.82	snv	T
chr7	128409974	128409974	0.088	snv	G
chr7	128815876	128815876	0.191	snv	G
chr7	129163099	129163099	0.087	snv	C
chr7	129389571	129389571	0.214	snv	C
chr7	129657419	129657419	0.042	snv	C
chr7	131504508	131504508	0.165	snv	A
chr7	131879214	131879214	0.783	snv	A
chr7	137164081	137164081	0.205	snv	T
chr7	137577331	137577331	0.815	snv	A
chr7	138116854	138116854	0.829	snv	G
chr7	138583927	138583927	0.212	snv	T
chr7	138771115	138771115	0.217	snv	T
chr7	138771116	138771116	0.217	snv	A
chr7	139955405	139955405	0.208	snv	A
chr7	140024673	140024681	0.169	del	.
chr7	142646414	142646414	0.113	snv	T
chr7	143294765	143294765	0.092	snv	C
chr7	143390060	143390060	0.167	snv	A
chr7	148965652	148965652	0.864	snv	C
chr7	150795289	150795289	0.862	snv	T
chr7	151000647	151000647	0.218	snv	A
chr7	151181250	151181250	0.112	snv	T
chr7	152890957	152890957	0.671	snv	C
chr7	154587903	154587903	0.122	snv	A
chr7	155106269	155106269	0.105	snv	C
chr7	155395399	155395399	0.206	snv	T
chr7	155462476	155462476	0.064	snv	G
chr7	156947618	156947618	0.67	snv	C
chr7	157005552	157005552	0.13	snv	A
chr8	23368190	23368210	0.618	del	.
chr8	66134925	66134925	0.308	snv	A
chr8	67086875	67086875	0.35	snv	A
chr8	67267309	67267309	0.336	snv	G
chr8	73421503	73421503	0.102	snv	T
chr8	81522195	81522195	0.363	snv	T
chr8	85439106	85439106	0.304	snv	T
chr8	98951689	98951689	0.384	snv	A
chr8	101688894	101688894	0.248	snv	T
chr8	109440818	109440818	0.264	snv	T
chr8	109941638	109941638	0.259	snv	T
chr8	112550908	112550908	0.181	snv	G
chr8	122769422	122769422	0.201	snv	A
chr8	123140750	123140750	0.129	snv	A
chr8	123182203	123182203	0.321	snv	C
chr8	123209636	123209636	0.282	snv	T
chr8	123220221	123220222	0.812	ins	GGGCTAC
chr8	123220247	123220247	0.135	snv	A
chr8	123346849	123346849	0.176	snv	G
chr8	123768988	123768988	0.326	snv	C
chr8	125067721	125067746	0.051	del	.
chr8	125102411	125102411	0.257	snv	C
chr8	125436371	125436371	0.151	snv	T
chr8	125436372	125436372	0.151	snv	T
chr8	130443698	130443698	0.36	snv	A
chr8	132100024	132100024	0.15	snv	G
chr8	132141243	132141243	0.368	snv	G
chr8	132810909	132810909	0.353	snv	C
chr8	133256734	133256734	0.435	snv	G
chr8	133459437	133459437	0.159	snv	T
chr8	138619384	138619384	0.159	snv	T
chr8	138737577	138737577	0.17	snv	A
chr8	139630551	139630551	0.503	snv	G
chr8	139730169	139730169	0.339	snv	C
chr8	140818848	140818848	0.159	snv	C
chr8	141480564	141480564	0.152	snv	T
chr8	142489220	142489220	0.333	snv	A
chr8	142511012	142511012	0.069	snv	G
chr8	142875211	142875211	0.179	snv	G
chr8	143368852	143368852	0.301	snv	A
chr8	143558229	143558229	0.333	snv	C
chr8	143572516	143572516	0.062	snv	T
chr8	143805314	143805314	0.169	snv	C
chr8	143805342	143805342	0.064	snv	A
chr8	143824771	143824771	0.309	snv	A
chr8	144105528	144105528	0.171	snv	T
chr8	144276456	144276477	0.067	del	.
chr8	144474144	144474144	0.158	snv	G
chr8	144500974	144500974	0.139	snv	A
chr9	3287998	3287998	0.514	snv	C
chr9	5769270	5769270	0.513	snv	T
chr9	5922534	5922534	0.464	snv	C
chr9	12695920	12695920	0.489	snv	A
chr9	14784671	14784671	0.499	snv	G
chr9	27294444	27294444	0.464	snv	A
chr9	32450033	32450033	0.115	snv	A
chr9	32974337	32974337	0.524	snv	A
chr9	32974338	32974338	0.525	snv	A
chr9	35091097	35091097	0.473	snv	A
chr9	37784016	37784016	0.483	snv	A
chr9	40875662	40875662	0.261	snv	T
chr9	63775286	63775286	0.203	snv	T
chr9	65391039	65391039	0.276	snv	G
chr9	74739227	74739227	0.679	snv	A
chr9	77358275	77358275	0.328	snv	T
chr9	81992223	81992223	0.674	snv	G
chr9	89065521	89065521	0.334	snv	T
chr9	90864820	90864820	0.332	snv	T
chr9	92884542	92884551	0.495	del	.
chr9	92885181	92885181	0.341	snv	A
chr9	93909103	93909103	0.673	snv	T
chr9	97238651	97238651	0.664	snv	C
chr9	97365646	97365646	0.677	snv	T
chr9	97480757	97480757	0.666	snv	T
chr9	99826856	99826856	0.329	snv	A
chr9	105598001	105598001	0.661	snv	A
chr9	105607844	105607844	0.669	snv	A
chr9	105607846	105607846	0.667	snv	A
chr9	105850014	105850014	0.397	snv	A
chr9	112275987	112275987	0.097	snv	C
chr9	113369792	113369792	0.467	snv	A
chr9	120858191	120858191	0.501	snv	A
chr9	121328765	121328765	0.533	snv	G
chr9	122378980	122378980	0.228	snv	A
chr9	127445102	127445102	0.086	snv	G
chr9	129102404	129102404	0.229	snv	C
chr9	129803514	129803514	0.215	snv	C
chr9	130307566	130307566	0.22	snv	A
chr9	131120337	131120337	0.138	snv	T
chr9	131582515	131582515	0.107	snv	C
chr9	133344292	133344292	0.708	snv	C
chr9	133354715	133354715	0.711	snv	C
chr9	133405468	133405468	0.436	snv	C
chr9	133438313	133438313	0.076	snv	C
chr9	133474130	133474130	0.714	snv	C
chr9	136754586	136754586	0.388	snv	A
chr9	136764600	136764600	0.247	snv	A
chr9	136994920	136994920	0.752	snv	T
chr9	137008691	137008691	0.285	snv	C
chr9	137086862	137086862	0.268	snv	C
chr9	137181620	137181620	0.733	snv	G
chr9	137255474	137255474	0.72	snv	C
chr9	137436072	137436072	0.353	snv	T
chr9	137590440	137590440	0.261	snv	G
chr9	137879161	137879161	0.246	snv	C
chr9	138120682	138120682	0.208	snv	A
chr10	1363721	1363721	0.088	snv	A
chr10	5882953	5882953	0.21	snv	C
chr10	13740500	13740500	0.486	snv	A
chr10	31532875	31532875	0.556	snv	T
chr10	32110322	32110322	0.488	snv	T
chr10	32567833	32567833	0.234	snv	T
chr10	37957501	37957501	0.497	snv	T
chr10	38307071	38307071	0.479	snv	G
chr10	48743018	48743018	0.32	snv	T
chr10	48963723	48963723	0.319	snv	T
chr10	49942257	49942257	0.32	snv	G
chr10	71762019	71762019	0.491	snv	T
chr10	72375880	72375880	0.448	snv	C
chr10	79942598	79942614	0.116	del	.
chr10	80609406	80609406	0.458	snv	T
chr10	82232931	82232940	0.35	del	.
chr10	98415129	98415129	0.106	snv	G
chr10	119827430	119827430	0.114	snv	G
chr10	124021516	124021516	0.409	snv	C
chr10	124620619	124620619	0.539	snv	T
chr10	125740509	125740509	0.413	snv	A
chr10	126071247	126071247	0.16	snv	T
chr10	127736565	127736565	0.112	snv	T
chr10	132163377	132163377	0.555	snv	G
chr10	132843723	132843723	0.738	snv	A
chr11	1078021	1078022	0.899	del	.
chr11	4389929	4389929	0.483	snv	T
chr11	14843827	14843874	0.077	del	.
chr11	18665010	18665010	0.471	snv	G
chr11	18707973	18707973	0.498	snv	T
chr11	20638484	20638484	0.49	snv	A
chr11	45227439	45227439	0.476	snv	T
chr11	56160039	56160039	0.28	snv	A
chr11	56469901	56469901	0.049	snv	A
chr11	56542447	56542447	0.256	snv	C
chr11	57746287	57746287	0.575	snv	T
chr11	58190517	58190517	0.201	snv	A
chr11	58190708	58190708	0.561	snv	T
chr11	59364559	59364559	0.209	snv	A
chr11	59578044	59578044	0.547	snv	G
chr11	60708823	60708823	0.552	snv	C
chr11	61485250	61485250	0.529	snv	C
chr11	61508413	61508413	0.534	snv	T
chr11	61535137	61535137	0.565	snv	A
chr11	61955371	61955371	0.43	snv	G
chr11	62752451	62752451	0.518	snv	A
chr11	62827470	62827470	0.45	snv	C
chr11	63290370	63290370	0.549	snv	A
chr11	63575070	63575088	0.345	del	.
chr11	64320895	64320895	0.442	snv	C
chr11	64556481	64556481	0.539	snv	C
chr11	64662387	64662387	0.552	snv	G
chr11	64692949	64692949	0.227	snv	T
chr11	64830394	64830394	0.561	snv	T
chr11	65961566	65961566	0.421	snv	T
chr11	66474469	66474469	0.55	snv	T
chr11	67925986	67925986	0.533	snv	G
chr11	68036604	68036604	0.417	snv	A
chr11	68174274	68174274	0.44	snv	G
chr11	68651802	68651802	0.206	snv	A
chr11	70087777	70087777	0.206	snv	T
chr11	72822508	72822508	0.441	snv	C
chr11	89420211	89420211	0.515	snv	C
chr11	92982015	92982015	0.545	snv	T
chr11	104887175	104887175	0.463	snv	A
chr11	122618944	122618944	0.122	snv	A
chr11	123730742	123730742	0.469	snv	A
chr11	123943667	123943667	0.511	snv	C
chr11	130123667	130123667	0.137	snv	C
chr11	132436786	132436786	0.491	snv	A
chr12	889170	889170	0.695	snv	G
chr12	1970848	1970848	0.268	snv	C
chr12	6600860	6600860	0.656	snv	C
chr12	6850642	6850642	0.281	snv	G
chr12	6867653	6867653	0.664	snv	C
chr12	6938930	6938930	0.269	snv	T
chr12	6977354	6977354	0.224	snv	T
chr12	7101769	7101769	0.53	snv	A
chr12	8636940	8636940	0.211	snv	C
chr12	9068692	9068692	0.208	snv	A
chr12	10213914	10213914	0.224	snv	C
chr12	12612221	12612221	0.237	snv	G
chr12	21654542	21654542	0.778	snv	A
chr12	28291989	28291989	0.647	snv	T
chr12	31697922	31697922	0.312	snv	T
chr12	32108541	32108541	0.67	snv	G
chr12	32679658	32679658	0.663	snv	G
chr12	40446404	40446404	0.444	snv	G
chr12	51495109	51495109	0.501	snv	T
chr12	57571935	57571935	0.481	snv	T
chr12	67295104	67295104	0.105	snv	A
chr12	71704186	71704186	0.492	snv	C
chr12	72022345	72022345	0.114	snv	T
chr12	72575519	72575519	0.479	snv	T
chr12	91178613	91178613	0.501	snv	A
chr12	107902398	107902398	0.534	snv	A
chr12	109288509	109288509	0.482	snv	A
chr12	109447417	109447417	0.503	snv	A
chr12	110899112	110899112	0.191	snv	G
chr12	122591322	122591322	0.471	snv	T
chr12	130806849	130806849	0.48	snv	G
chr12	132053416	132053416	0.567	snv	A
chr12	132066878	132066878	0.516	snv	A
chr13	18952717	18952717	0.649	snv	C
chr13	24690373	24690373	0.145	snv	G
chr13	25169964	25169964	0.33	snv	T
chr13	25541937	25541937	0.304	snv	C
chr13	25541938	25541938	0.304	snv	T
chr13	31116981	31116981	0.273	snv	A
chr13	32339132	32339132	0.375	snv	T
chr13	36972023	36972054	0.099	del	.
chr13	37746422	37746422	0.544	snv	T
chr13	45399009	45399009	0.488	snv	T
chr13	91398955	91398955	0.544	snv	C
chr13	106567755	106567763	0.167	del	.
chr13	113425168	113425168	0.535	snv	T
chr14	21324542	21324542	0.506	snv	G
chr14	24060744	24060744	0.466	snv	A
chr14	24068643	24068643	0.228	snv	A
chr14	24118216	24118216	0.502	snv	T
chr14	24190419	24190419	0.087	snv	A
chr14	26447828	26447828	0.404	snv	T
chr14	26448938	26448938	0.397	snv	C
chr14	30877397	30877397	0.571	snv	T
chr14	31711415	31711415	0.611	snv	G
chr14	32600791	32600791	0.592	snv	T
chr14	32773881	32773881	0.576	snv	T
chr14	39045523	39045525	0.801	del	.
chr14	48428902	48428902	0.478	snv	G
chr14	49602531	49602531	0.227	snv	C
chr14	50886809	50886809	0.473	snv	T
chr14	54776354	54776354	0.254	snv	T
chr14	55411452	55411452	0.499	snv	G
chr14	57724233	57724233	0.474	snv	T
chr14	58521243	58521243	0.464	snv	G
chr14	75292133	75292133	0.241	snv	T
chr14	81032664	81032664	0.253	snv	A
chr14	82872478	82872478	0.769	snv	C
chr14	88323288	88323288	0.537	snv	T
chr14	88615631	88615631	0.832	snv	T
chr14	88687042	88687042	0.513	snv	A
chr14	90398207	90398207	0.482	snv	A
chr14	90578398	90578398	0.158	snv	T
chr14	91235010	91235029	0.084	del	.
chr14	91783160	91783160	0.151	snv	A
chr14	92515490	92515490	0.83	snv	G
chr14	93692019	93692019	0.161	snv	T
chr14	94382908	94382908	0.165	snv	G
chr14	94463232	94463232	0.47	snv	T
chr14	94727039	94727039	0.316	snv	A
chr14	95691565	95691565	0.464	snv	A
chr14	96090629	96090629	0.163	snv	G
chr14	101060651	101060651	0.155	snv	A
chr14	104745001	104745001	0.116	snv	T
chr14	106268545	106268545	0.48	snv	A
chr14	106269204	106269204	0.479	snv	C
chr14	106324560	106324560	0.748	snv	A
chr15	28815512	28815512	0.471	snv	A
chr15	30951925	30951925	0.451	snv	T
chr15	40622779	40622779	0.449	snv	T
chr15	40622780	40622780	0.452	snv	T
chr15	48251471	48251471	0.465	snv	A
chr15	50643417	50643417	0.517	snv	G
chr15	56464272	56464272	0.529	snv	T
chr15	56918208	56918208	0.049	snv	G
chr15	57621786	57621786	0.242	snv	C
chr15	58691360	58691389	0.214	del	.
chr15	58869885	58869885	0.477	snv	G
chr15	62247006	62247006	0.498	snv	A
chr15	62819537	62819537	0.475	snv	A
chr15	67823497	67823497	0.426	snv	T
chr15	69049034	69049034	0.421	snv	C
chr15	70060783	70060783	0.528	snv	T
chr15	73888523	73888523	0.283	snv	T
chr15	74280669	74280669	0.554	snv	T
chr15	78999882	78999882	0.145	snv	A
chr15	82851408	82851408	0.167	snv	C
chr15	84036951	84036951	0.273	snv	T
chr15	89210217	89210217	0.162	snv	T
chr15	89305954	89305954	0.293	snv	G
chr15	89671702	89671702	0.155	snv	A
chr15	90931551	90931551	0.073	snv	C
chr15	94399983	94399983	0.125	snv	T
chr15	94667279	94667296	0.22	del	.
chr15	99033289	99033289	0.657	del	.
chr15	100580747	100580747	0.632	snv	C
chr15	100900577	100900577	0.422	snv	T
chr15	101751264	101751264	0.122	snv	G
chr16	68370	68370	0.646	snv	C
chr16	79675	79675	0.14	snv	A
chr16	634075	634075	0.337	snv	A
chr16	1320437	1320437	0.631	snv	C
chr16	2175291	2175291	0.342	snv	T
chr16	2295601	2295601	0.635	snv	G
chr16	2498136	2498136	0.289	snv	T
chr16	2820901	2820901	0.331	snv	T
chr16	3204225	3204225	0.637	snv	G
chr16	3751904	3751904	0.346	snv	A
chr16	3792126	3792126	0.338	snv	A
chr16	4454855	4454855	0.645	snv	T
chr16	5935056	5935056	0.659	snv	T
chr16	17875435	17875435	0.772	snv	T
chr16	19266917	19266917	0.174	snv	T
chr16	19736883	19736883	0.318	snv	T
chr16	20336897	20336897	0.158	snv	A
chr16	20790936	20790936	0.165	snv	A
chr16	21278464	21278464	0.639	snv	C
chr16	21705190	21705190	0.215	snv	T
chr16	22116742	22116742	0.333	snv	C
chr16	22305469	22305469	0.167	snv	T
chr16	24215029	24215029	0.491	snv	A
chr16	24806461	24806461	0.487	snv	A
chr16	25221523	25221523	0.268	snv	C
chr16	25246938	25246938	0.468	snv	T
chr16	27850590	27850590	0.45	snv	C
chr16	30894580	30894580	0.487	snv	C
chr16	31034332	31034332	0.51	snv	T
chr16	31416199	31416199	0.251	snv	G
chr16	31755396	31755396	0.252	snv	C
chr16	35207368	35207368	0.653	snv	C
chr17	2364457	2364457	0.67	snv	G
chr17	2936362	2936362	0.692	snv	A
chr17	4189200	4189200	0.333	snv	G
chr17	4818362	4818376	0.211	del	.
chr17	5007047	5007047	0.327	snv	T
chr17	6684778	6684778	0.324	snv	C
chr17	7588500	7588500	0.687	snv	C
chr17	9959188	9959188	0.293	snv	G
chr17	11784435	11784435	0.33	snv	C
chr17	16617166	16617166	0.617	del	.
chr17	18143814	18143814	0.66	snv	A
chr17	18988513	18988513	0.314	snv	T
chr17	35522730	35522730	0.502	snv	C
chr17	41771695	41771736	0.313	del	.
chr17	44929040	44929040	0.467	snv	A
chr17	45119015	45119029	0.757	del	.
chr17	53822975	53822975	0.478	snv	T
chr17	57005976	57005976	0.458	snv	T
chr17	68255834	68255834	0.09	snv	C
chr17	68529082	68529082	0.4	snv	G
chr17	72123715	72123715	0.093	snv	G
chr17	73206481	73206481	0.254	snv	C
chr17	73387878	73387878	0.105	snv	T
chr17	74299542	74299542	0.471	snv	G
chr17	74748666	74748666	0.522	snv	G
chr17	74771706	74771706	0.499	snv	A
chr17	74795641	74795641	0.256	snv	T
chr17	74844321	74844321	0.492	snv	T
chr17	75614937	75614937	0.503	snv	C
chr17	76680930	76680930	0.134	snv	G
chr17	78414747	78414747	0.483	snv	T
chr17	78484883	78484883	0.22	snv	T
chr17	80050160	80050160	0.204	snv	T
chr17	81902393	81902393	0.384	snv	T
chr17	81906207	81906207	0.184	snv	A
chr17	82107530	82107530	0.083	snv	A
chr17	82239123	82239123	0.421	snv	C
chr17	82316017	82316017	0.18	snv	T
chr18	5133230	5133230	0.495	snv	A
chr18	6824791	6824791	0.467	snv	C
chr18	14106119	14106119	0.46	snv	C
chr18	15250081	15250081	0.475	snv	C
chr18	23586526	23586526	0.487	snv	T
chr18	23907904	23907904	0.492	snv	T
chr18	26057772	26057772	0.501	snv	C
chr18	28652948	28652948	0.243	snv	G
chr18	32196594	32196594	0.257	snv	A
chr18	36067342	36067342	0.471	snv	G
chr18	36169934	36169934	0.466	snv	A
chr18	46263224	46263224	0.059	snv	A
chr18	46721543	46721543	0.485	snv	G
chr18	49586912	49586912	0.512	snv	A
chr18	49651649	49651649	0.472	snv	G
chr18	54907757	54907757	0.162	snv	C
chr18	56779333	56779333	0.309	snv	G
chr18	79714627	79714627	0.398	snv	T
chr18	80136552	80136552	0.604	snv	T
chr18	80138229	80138229	0.592	snv	T
chr19	1785172	1785172	0.101	snv	A
chr19	2341278	2341278	0.483	snv	T
chr19	2524582	2524582	0.223	snv	A
chr19	8955984	8955984	0.46	snv	A
chr19	8969815	8969831	0.715	del	.
chr19	12580948	12580948	0.224	snv	A
chr19	12702635	12702635	0.468	snv	A
chr19	12973460	12973460	0.082	snv	T
chr19	13262933	13262933	0.462	snv	T
chr19	13836644	13836644	0.25	snv	A
chr19	13912635	13912635	0.501	snv	G
chr19	15361609	15361609	0.521	snv	T
chr19	16093699	16093699	0.527	snv	C
chr19	16361782	16361782	0.244	snv	A
chr19	16572289	16572289	0.462	snv	G
chr19	16896605	16896605	0.491	snv	G
chr19	17555816	17555816	0.516	snv	T
chr19	18107764	18107764	0.064	snv	A
chr19	18177599	18177618	0.299	del	.
chr19	19336158	19336158	0.125	snv	C
chr19	21536795	21536799	0.204	del	.
chr19	23492164	23492164	0.251	snv	T
chr19	33211055	33211055	0.435	snv	G
chr19	33772343	33772343	0.183	snv	T
chr19	34403252	34403252	0.534	snv	G
chr19	35488724	35488729	0.463	del	.
chr19	35644539	35644539	0.431	snv	A
chr19	35726507	35726507	0.206	snv	T
chr19	35843401	35843401	0.28	snv	T
chr19	38477823	38477823	0.553	snv	A
chr19	38609895	38609895	0.058	snv	A
chr19	39507413	39507413	0.113	snv	G
chr19	39607277	39607277	0.103	snv	A
chr19	42274467	42274467	0.504	snv	T
chr19	43198461	43198461	0.473	snv	T
chr19	49182562	49182562	0.484	snv	T
chr19	49449331	49449331	0.513	snv	C
chr19	50625546	50625546	0.275	snv	A
chr19	50798096	50798096	0.484	snv	G
chr19	51103986	51103986	0.463	snv	T
chr19	51601700	51601700	0.289	snv	T
chr19	51717343	51717343	0.181	snv	T
chr19	52725699	52725699	0.462	snv	T
chr19	52755056	52755056	0.295	snv	C
chr19	52915359	52915359	0.531	snv	C
chr19	54808956	54808956	0.277	snv	T
chr19	54821683	54821683	0.305	snv	A
chr19	55226999	55226999	0.476	snv	C
chr19	55440641	55440641	0.16	snv	T
chr19	55486070	55486070	0.463	snv	A
chr19	55732557	55732557	0.136	snv	T
chr19	57130037	57130037	0.504	snv	G
chr19	57397066	57397066	0.49	snv	T
chr20	2312958	2312958	0.625	snv	T
chr20	4182497	4182497	0.594	snv	A
chr20	5168677	5168677	0.624	snv	T
chr20	5186614	5186614	0.592	snv	T
chr20	5943958	5943958	0.614	snv	A
chr20	6006318	6006318	0.62	snv	C
chr20	7073771	7073771	0.614	snv	C
chr20	10054509	10054509	0.618	snv	C
chr20	23354059	23354059	0.367	snv	G
chr20	30285563	30285563	0.56	snv	C
chr20	31412779	31412779	0.281	snv	T
chr20	31514436	31514436	0.296	snv	G
chr20	31666142	31666142	0.308	snv	A
chr20	32216942	32216942	0.611	snv	T
chr20	32358684	32358684	0.275	snv	G
chr20	33217479	33217479	0.626	snv	G
chr20	34882686	34882686	0.208	snv	T
chr20	35092906	35092906	0.123	snv	A
chr20	35384132	35384132	0.468	snv	G
chr20	35411782	35411782	0.449	snv	G
chr20	35734879	35734879	0.447	snv	T
chr20	37859763	37859763	0.537	snv	T
chr20	37996832	37996832	0.062	snv	A
chr20	38000259	38000259	0.225	snv	A
chr20	38150797	38150797	0.545	snv	T
chr20	38564955	38564955	0.444	snv	T
chr20	41164014	41164014	0.519	snv	C
chr20	41165772	41165772	0.425	snv	G
chr20	41440135	41440135	0.547	snv	G
chr20	44054176	44054176	0.498	snv	A
chr20	44727434	44727434	0.45	snv	G
chr20	45421558	45421558	0.207	snv	T
chr20	51693765	51693765	0.273	snv	A
chr20	57340104	57340105	0.449	del	.
chr20	58771335	58771335	0.279	snv	G
chr20	59944226	59944226	0.495	snv	G
chr20	62965800	62965800	0.517	snv	A
chr20	63587963	63587963	0.499	snv	T
chr20	63694680	63694680	0.523	snv	A
chr20	63886292	63886292	0.485	snv	G
chr20	64027784	64027784	0.475	snv	T
chr21	30755336	30755336	0.444	snv	T
chr21	41445861	41445861	0.414	snv	T
chr21	42482740	42482740	0.466	snv	G
chr21	44330790	44330813	0.255	del	.
chr21	46315256	46315256	0.325	snv	T
chr22	22881081	22881081	0.503	snv	T
chr22	22881098	22881098	0.505	snv	T
chr22	23573199	23573199	0.311	snv	T
chr22	23573200	23573200	0.311	snv	A
chr22	23765262	23765262	0.494	snv	C
chr22	24686867	24686867	0.486	snv	T
chr22	25894919	25894942	0.291	del	.
chr22	29141977	29141977	0.492	snv	A
chr22	29286163	29286163	0.529	snv	A
chr22	29536548	29536548	0.204	snv	G
chr22	31275055	31275055	0.457	snv	T
chr22	32082082	32082082	0.399	snv	G
chr22	32517993	32517993	0.406	snv	G
chr22	35726447	35726447	0.047	snv	T
chr22	37374978	37374978	0.161	snv	A
chr22	37406841	37406841	0.331	snv	A
chr22	37570268	37570268	0.49	snv	G
chr22	37631021	37631021	0.494	snv	G
chr22	37723213	37723213	0.253	del	.
chr22	38862340	38862340	0.257	snv	T
chr22	39081699	39081699	0.064	snv	G
chr22	41554515	41554515	0.719	snv	C
chr22	41637953	41637953	0.253	snv	G
chr22	42272847	42272847	0.715	snv	T
chr22	44396017	44396017	0.72	snv	C
chr22	44570681	44570681	0.496	snv	G
chr22	44570682	44570682	0.49	snv	T
chr22	46256398	46256398	0.487	snv	G
chr22	46256399	46256399	0.481	snv	A
chr22	46257699	46257699	0.265	snv	A
chr22	47461797	47461797	0.569	snv	T
chr22	48977098	48977098	0.784	snv	T
chr22	50243801	50243801	0.782	snv	C
chr22	50281816	50281816	0.204	snv	T
chr22	50460629	50460629	0.173	snv	G
